岗位名称,薪资,工作地址,工作年限,学历要求,专业学术术语
运维工程师,15000-17000,阿克苏-阿克苏市,1-3年,本科,网络 安全
运维工程师,15000-18000,阿拉善盟-阿拉善左旗,1-3年,本科,数据库 Oracle Linux
运维工程师（5K+/双休/工作轻松）,15000-17000,阿勒泰-阿勒泰市,1-3年,本科,Windows Linux 系统运维 数据库运维 大数据运维
华为IT培训讲师（云计算、大数据）,15000-25000,安顺-平坝区,1-3年,本科,云计算 Openstack Linux Docker
运维工程师,15000-20000,安顺-平坝区,1-3年,本科,Linux 系统运维 虚拟化运维 存储运维
测试总工,30000-60000,安阳-内黄县,5-10年,本科,测试 软件测试 硬件测试
嵌入式开发工程师,40000-90000,鞍山,1-3年,本科,C++  嵌入式技术  Linux  C语言  嵌入式硬件开发
全栈工程师,15000-18000,鞍山,3-5年,本科,网络爬虫技术  分布式技术  服务器配置  Pyspider  Redis  架构师  云计算
PHP工程师,15000-17000,鞍山-海城市-北关,1-3年,本科及以上,SQL 后端开发 小程序开发 PC端网站开发 APP后台开发
软件开发技术员,30000-80000,鞍山-立山区-高新区,1-3年,本科,SQL  Oracle  中级软件工程师  企业级应用开发
Java开发工程师,40000-70000,鞍山-立山区-高新区,1-3年,本科,服务器配置  Spring  SpringBoot  SpringMVC  Hibernate  Struts  SpringCloud  Oracle
软件开发实习岗,20000-40000,鞍山-立山区-高新区,经验不限,本科,Java  Web端  Android  .NET  计算机软件
JAVA开发 鞍山银行 双休 薪资高,15000-20000,鞍山-立山区-高新区,5-10年,本科,Linux  SpringBoot  Jenkins  GIT  Oracle  MySQL  Redis  SpringMVC
Java初级开发工程师,40000-80000,鞍山-立山区-高新区,经验不限,本科,MVC开发  Spring  SSH  Hibernate  SpringMVC  SpringBoot  SpringCloud  IDEA
Java高级开发工程师,18000-22000,鞍山-立山区-高新区,1-3年,本科及以上,多线程 Spring SpringMVC Oracle Redis
Python开发实习生,20000-30000,鞍山-立山区-高新区,在校/应届,本科,软件工程师
人工智能AI工程师,15000-17000,鞍山-立山区-高新区,1-3年,本科,视觉图像算法 深度学习算法 算法设计 人工智能
Java工程师,40000-70000,鞍山-立山区-高新区,经验不限,本科,Java  Windows
测试工程师,30000-80000,鞍山-立山区-高新区,经验不限,本科,自动化测试
运维专员,30000-80000,鞍山-立山区-高新区,经验不限,本科,工业级  智能制造  mes erp系统  工业企业
运维人员,30000-60000,鞍山-立山区-高新区,经验不限,本科,机房运维
后端开发,100000-140000,鞍山-立山区-光明,1-3年,硕士,CSS  PHP  网络协议  网络编程  网络交换技术  文件管理系统  算法基础  负载均衡技术
网络运维工程师,20000-40000,鞍山-立山区-灵山,5-10年,本科,运维工程师  网络运维
RPA高级开发工程师（鞍山驻场）,17000-25000,鞍山-立山区-胜利路沿线,5-10年,本科,架构师  高级软件工程师  RPA流程自动化
java开发技术经理（辽宁）,15000-25000,鞍山-立山区-胜利路沿线,1-3年,本科及以上,SQL 架构师 Spring
运维开发工程师（鞍山驻场）,15000-18000,鞍山-立山区-胜利路沿线,1-3年,本科,RPA Python Shell Windows Linux 运维开发 自动化运维
开发运维实习生（鞍山）,40000-50000,鞍山-立山区-胜利路沿线,1年以内,本科,初级软件工程师  RPA机器人
Java高级开发工程师,40000-90000,鞍山-立山区-胜利路沿线,5-10年,本科,分布式技术  MVC开发  Spring  SpringBoot  SpringCloud  MySQL  Redis  Oracle
Java开发工程师,30000-50000,鞍山-立山区-胜利路沿线,1-3年,本科,Java  MVC开发  MySQL  Oracle  SQL Server  Web端  JavaScript  软件工程师
.net开发工程师,15000-17000,鞍山-立山区-胜利路沿线,1-3年,本科及以上,C# SQL 网络协议
Java开发工程师,15000-17000,鞍山-铁东区-家乐福,1-3年,本科,java 前端开发 后端开发
系统集成运维工程师,40000-70000,鞍山-铁东区-五一路,1-3年,本科,系统运维  Windows  Linux  AIX  数据库运维  虚拟机技术  服务器配置
软件开发工程师,40000-50000,鞍山-铁东区-五一路,1-3年,本科,JavaScript  JQuery  WEB开发  AJAX  Web端
黑盒测试,40000-80000,鞍山-铁东区-园林路,1-3年,本科,移动端测试  手机测试  Windows测试  PC测试  iOS测试  Android测试
Android开发工程师,40000-80000,鞍山-铁东区-站前,1-3年,本科,架构设计/优化  Android客户端产品研发  研发流程优化  Java  Flutter  C++  计算机/软件工程相关专业
web前端开发工程师,40000-80000,鞍山-铁东区-站前,1-3年,本科,JavaScript  HTML  CSS  CSS3  ES6  MVC开发  前端开发  PC端
Java开发工程师,40000-80000,鞍山-铁东区-站前,1-3年,本科,网络协议  Linux  Spring  SSH  Oracle
iOS开发工程师,40000-80000,鞍山-铁东区-站前,1-3年,本科,技术升级  功能开发  架构设计  Swift  Objective-C  Flutter  计算机/软件工程相关专业  独立开发且上线经验  大型项目开发经验
web后端,20000-50000,鞍山-铁东区-站前,1-3年,本科,Java
WEB后端,40000-90000,鞍山-铁东区-站前,3-5年,本科,Web端
c#、c++开发、高薪、双休,40000-90000,鞍山-铁东区-站前,3-5年,本科,C#  SQL  计算机软件  C++  C语言  .NET  Winform  软件工程师
软件开发工程师,17000-19000,鞍山-铁东区-站前,经验不限,本科,.NET  CSS  HTML  SQL Server  MVC开发  ASP.NET  Web端  C#
软件开发工程师,30000-50000,鞍山-铁东区-站前,经验不限,本科,Oracle  MySQL
安卓开发工程师,15000-17000,鞍山-铁东区-站前,1-3年,本科及以上,Java
IT开发工程师,15000-17000,巴彦淖尔-临河区,不限,本科,软件工程师
运维工程师-GMP方向,15000-18000,白城-洮北区,1-3年,本科,GMP IT
游戏运维工程师,15000-17000,白城-镇赉县,不限,本科,网络 游戏引擎 应用运维
驻场运维工程师,15000-17000,白山-江源区,1-3年,本科,Linux 数据库 系统运维
测试管培生（IT)工程师,15000-17000,白银-白银区,不限,本科,功能测试 性能测试 APP测试 LoadRunner Postman 禅道
银行软件测试工程师,15000-18000,白银-白银区,不限,本科,功能测试 软件测试 性能测试 测试
软件开发产品经理,15000-18000,包头,1-3年,本科,OA系统 ERP系统 MES系统 财务软件
内蒙古环测环保科...招聘质量管理/测试,30000-40000,包头,经验不限,本科,五险一金  餐补  房补  交通补助  加班费  全勤奖  工龄奖
大数据分析工程师,15000-25000,包头,经验不限,统招本科,HBase  CarbonData
Java开发工程师,15000-17000,包头,3-5年,本科,Spring  后端开发  MySQL  架构师  HTML  数据库
Web前端培训讲师,40000-60000,包头,1年以内,本科,初中教育
前端开发工程师,15000-18000,包头,1-3年,本科,前端开发  Web端  移动端  小程序
高级Java工程师,30000-50000,包头,1-3年,本科,Java  SQL  服务器配置  Spring  MySQL  Redis  Oracle  Linux
JAVA开发工程师,15000-18000,包头,1-3年,本科及以上,服务器配置 SpringBoot
高级开发工程师,15000-18000,包头,3-5年,本科,C#  Java  前后端开发  企业级应用开发
开发工程师,40000-80000,包头,1-3年,本科,HTML  CSS  Spring  SpringMVC  Oracle  客户端开发  Windows
安卓逆向工程师,40000-80000,包头-东河区-工业路,1-3年,本科,HTML  JavaScript  CSS  Python  Shell  PHP  MVC开发  网络爬虫技术
web前端,30000-60000,包头-九原区-青年农场,1-3年,本科,JavaScript  HTML  Java  Node.js  前端开发
后台开发工程师,40000-80000,包头-昆都仑区,1-3年,本科,后端开发  Linux  Windows  JDK  IDEA  计算机软件  Java
驻场运维服务工程师,15000-18000,包头-昆都仑区,1-3年,本科,安全 桌面运维 网络运维 系统运维 服务器运维 机房运维 安全运维 存储运维
硬件开发工程师,30000-60000,包头-昆都仑区-包百,1-3年,本科,Python  PCB工艺  单片机开发  电路设计  嵌入式硬件开发
软件开发老师,40000-60000,包头-昆都仑区-火车站,1-3年,本科,培训师  集体授课  全职  不支持远程办公
Java中级开发工程师,40000-90000,包头-昆都仑区-火车站,1-3年,本科,中级软件工程师  后端开发  服务器端开发  GIT  MySQL  IDEA
运维服务工程师（包头驻场）,40000-70000,包头-昆都仑区-市府西路,1-3年,本科,系统运维  安全运维  桌面运维  大数据运维  机房运维
驻场运维服务工程师,40000-70000,包头-昆都仑区-市府西路,1-3年,本科,系统运维  安全运维  虚拟化运维  桌面运维  机房运维  数据库运维  存储运维
后端研发工程师,30000-80000,包头-昆都仑区-市府西路,3-5年,本科,架构师  SpringBoot  Spring  Hibernate  Dubbo  Struts  PostgreSQL  Oracle
web前端开发工程师,15000-19000,包头-青山区,3-5年,本科,JavaScript 前端开发 Vue AJAX
web前端工程师,17000-24000,包头-青山区,3-5年,本科,前端开发 HTML CSS Vue Web端 Angular PC端
运维工程师,15000-17000,包头-青山区-大连开发区,1-3年,本科,软件、服务器维护
开发工程师,40000-80000,包头-青山区-富强市场,1-3年,本科,HTML  CSS  Spring  SpringMVC  Oracle  数据结构  搜索引擎技术  服务器配置
后端开发,15000-17000,包头-青山区-高新区,3-5年,本科,HTML  后端开发
岗位名称：前端开发工程师,40000-60000,包头-青山区-高新区,3-5年,本科,前端开发  全栈开发  JavaScript  CSS  Java  移动端  PC端  Vue
Java中级开发工程师,40000-90000,包头-青山区-高新区,1-3年,本科,SQL  微服务架构  负载均衡技术  容器技术  分布式技术  多线程  架构师  Linux
web前端开发工程师,40000-70000,包头-青山区-高新区,经验不限,本科,前端开发  Flash开发  HTML  CSS  JavaScript  CSS3  HTML5  ES6
前端web开发工程师,40000-90000,包头-青山区-高新区,1-3年,本科,JavaScript  HTML  CSS  CSS3  HTML5  ES6  前端开发  Flash开发
web前端开发实习生,40000-60000,包头-青山区-高新区,5天/周  3个月,本科,前端开发  Flash开发  HTML  CSS  JavaScript  CSS3  HTML5  ES6
Java开发工程师,40000-70000,包头-青山区-高新区,经验不限,本科,SQL  微服务架构  Spring  SpringBoot  Oracle  MySQL  后端开发  Linux
web前端工程师,40000-60000,包头-青山区-高新区,3-5年,本科,前端开发  JavaScript  CSS  HTML
前端开发工程师,15000-18000,包头-青山区-高新区,1-3年,本科及以上,前端开发 全栈开发 JavaScript CSS Java 移动端 PC端 Vue
Java开发,30000-80000,包头-青山区-高新区,1-3年,本科,Java  后端开发  Spring  Mybatis  Struts  HTML  CSS  MySQL
JAVA开发,40000-60000,包头-青山区-高新区,1-3年,本科,Java  SQL  HTML  CSS
测试工程师,40000-80000,包头-青山区-高新区,5-10年,本科,Oracle  MySQL  软件测试  性能测试  功能测试  压力测试  高并发测试  大数据测试
运维工程师,40000-50000,包头-青山区-高新区,1-3年,本科,系统运维  系统管理员
U3D开发工程师,30000-60000,包头-青山区-高新区,1-3年,本科,游戏引擎  C++  h5  js  Shader  Unity3D
Java开发工程师,15000-17000,包头-青山区-九星,3-5年,本科,Spring  SpringBoot
前端开发工程师,40000-70000,包头-青山区-民主,1-3年,本科,前端开发  CSS  HTML  React  JQuery  Vue  网络协议
软件测试工程师,40000-70000,包头-青山区-民主,1-3年,本科,测试  测试工程师  软件测试  自动化测试  性能测试  压力测试  移动端
WEB前端工程师,40000-80000,包头-青山区-青山保利,3-5年,本科,vue.js  DIV+CSS  javascript
项目运维（包头）,40000-60000,包头-青山区-青山华联,经验不限,本科,SQL  Oracle  系统运维  数据库运维  Windows  SQL Server  MySQL
陕西中检计量招聘质量管理/测试,30000-50000,包头-青山区-文化路,在校/应届,本科,CNAS认证  CMA认证  计量  检测  验证
Web 前端开发软件工程师,40000-80000,包头-青山区-稀土高新区,1-3年,本科,HTML  CSS  CSS3  MVC开发  PC端  ExtJS  Vue
软件开发工程师,40000-90000,包头-青山区-稀土高新区,1-3年,本科,CSS  Maven  Oracle  MySQL  SpringBoot  SpringCloud
前端开发工程师,40000-90000,包头-青山区-稀土高新区,1-3年,本科,Vue  EXtJS  Web 开发  前端开发  Angular
软件测试工程师,40000-80000,包头-青山区-正翔国际,1-3年,本科,软件测试  性能测试  黑盒测试  压力测试  Python  Java  LoadRunner  Postman
java开发工程师,40000-60000,包头-青山区-正翔国际,1-3年,本科,分布式技术  服务器配置  负载均衡技术  Spring  Redis  MySQL
网络前端,40000-50000,包头-青山区-正翔国际,1-3年,本科,前端开发  JavaScript  CSS  HTML  Vue  小程序  PC端  Webpack
mes开发工程师,15000-30000,包头-土默特右旗,不限,本科,MES开发
大数据分析工程师,15000-20000,包头-土默特右旗,3-5年,本科,数据分析
运维工程师（DW2124-25）,15000-17000,保定,3-5年,本科,Linux 系统运维 Oracle 运维开发 MySQL 数据库 SQLServer
机器学习/深度学习工程师,18000-35000,保定,1-3年,本科,深度学习 检测算法 控制算法 Python C++ 识别算法 挖掘算法 推荐算法
python高级工程师,15000-25000,保定,不限,本科,Python Django Flask NumPy Pandas Matplotlib MySQL
移动web前端开发,15000-17000,保定,不限,本科,Less AXIOS Vuejs Nodejs Javascript react
绿色园区方向-产品架构师（雄安新区）,17000-23000,保定,3-5年,硕士,架构设计
智慧城市方向-产品架构师（雄安新区）,17000-23000,保定,3-5年,硕士,架构设计
AI人工智能开发工程师（雄安新区）,15000-21000,保定,1-3年,本科,Python pytorch
三维重建算法开发工程师（雄安新区）,17000-25000,保定,1-3年,本科,三维重建
大数据开发工程师（雄安新区）,17000-22000,保定,1-3年,本科,分布式大数据平台 数据建模 数据可视化
运维工程师（雄安新区）,17000-24000,保定,1-3年,本科,日常配置、监控、安全 技术平台、业务产品平台维护
测试工程师（雄安新区）,17000-21000,保定,1-3年,本科,测试工程师
测试工程师,17000-24000,保定,不限,本科,可靠性测试 可靠性试验 性能测试 可靠性评估 网络安全
电机控制器算法高级工程师,20000-40000,保定,5-10年,本科,控制算法 运动控制 MATLAB
产品测试工程师,15000-17000,保定,3-5年,本科,性能测试 功能测试 安全测试 环境测试
软件开发工程师（五险双休）,15000-18000,保定,不限,本科,C++
软件测试工程师,18000-30000,保定,3-5年,本科及以上,软件测试  集成测试  单元测试  自动化测试
智能驾驶电子电气架构师,40000-70000,保定,3-5年,本科,前端架构 云计算架构 平台架构 微服务架构
数据挖掘资深工程师,20000-40000,保定,3-5年,本科及以上,数据挖掘  数据分析  LR  DB2  Oracle  MySQL
数据挖掘工程师,20000-40000,保定,3-5年,本科及以上,数据分析  数据建模  数据开发  数据挖掘  SQL
后端开发工程师,15000-19000,保定,3-5年,本科,Javascript Java Python
机器视觉算法工程师,17000-25000,保定,不限,博士,运动控制算法 图像处理 视觉图像算法 图像检测识别
机器人算法工程师,17000-25000,保定,不限,博士,机器人算法 运动控制算法 导航算法 机器避障 动力控制 路径规划
人工智能工程师,15000-25000,保定,不限,硕士,Java Python C++ C语言 架构设计 移动开发 数据库开发 AI算法开发
大数据开发工程师,20000-30000,保定,5-10年,统招本科,数据挖掘
智能平台开发中心——信息安全测试技术开发,15000-30000,保定,3-5年,本科,信息安全测试
车身域软件开发工程师,20000-40000,保定,不限,本科,汽车电子 车身域
空调软件开发工程师,20000-40000,保定,不限,本科,空调 热泵
语音算法工程师,20000-35000,保定,1-3年,硕士,C++ Python 算法基础 深度学习算法 语音算法 TensorFlow ASR 声纹识别
底盘软件开发,20000-30000,保定,不限,本科,底盘设计 Simulink 单片机开发
应用架构师,40000-80000,保定,3-5年,本科,大数据架构 微服务架构 平台架构
软件架构师,15000-20000,保定,5-10年,本科,NET Socket 架构设计
java开发,15000-23000,保定-安新县,1-3年,本科,Java 数据库 Spring MyBatis SpringBoot SpringMVC SpringCloud
视觉算法工程师,15000-25000,保定-定兴县,3-5年,本科,C++ C语言 算法基础 机器学习算法 视觉图像算法
运维专员,15000-18000,保定-定州市,不限,本科,系统运维 数据网运维 局域网运维
软件测试工程师,15000-17000,保定-定州市,不限,本科,软件测试 测试 功能测试 自动化测试
软件开发,15000-17000,保定-竞秀区,1-3年,本科,Java C语言 Python C# 系统运维开发 数据库运维开发
算法工程师,15000-20000,保定-竞秀区,3-5年,本科,Python 机器人算法 C/C++ 视觉图像算法 PyTorch 服务机器人
算法工程师（雷达目标聚类与跟踪方向）,30000-60000,保定-竞秀区,3-5年,硕士,雷达 数据开发
算法工程师（雷达数据融合方向）,30000-60000,保定-竞秀区,3-5年,硕士,C语言 C++ Python Linux
算法工程师（雷达信号处理方向）,30000-60000,保定-竞秀区,不限,硕士,C语言 C++ Python
汽车电子嵌入式软件开发工程师,30000-60000,保定-竞秀区,3-5年,本科,汽车电子 毫米波雷达 C语言 嵌入式软件开发
标定/测试/系统验证工程师,15000-20000,保定-莲池区,1-3年,本科,ADAS 标定 乘用车 商用车
算法开发,15000-30000,保定-莲池区,1-3年,硕士,信号处理 MATLAB Python
网络运维员（不加班+五险一金）,17000-19000,保定-莲池区,不限,本科,网络 运维 月休八天 五险一金 到点下班
高级运维开发工程师,16000-30000,保定-莲池区,5-10年,本科,Linux Oracle MySQL 运维开发 分布式技术 网络交换技术
仿真测试工程师,25000-35000,保定-莲池区,3-5年,本科,仿真建模 Simulink MIL、SIL MATLAB C语言 PRESCA CARSIM/TRUCKSIM VTD
集成测试工程师,25000-35000,保定-莲池区,1-3年,本科,CANOE CANALYZER CANDIVA
测试经理,25000-35000,保定-莲池区,5-10年,本科,汽车测试
大数据架构,40000-65000,保定-莲池区,3-5年,统招本科,数据可视化  Spark  Java  SQL
业财一体化需求架构师,30000-50000,保定-莲池区,5-10年,本科,技术管理 需求管理 需求挖掘
数据中台产品经理,30000-60000,保定-莲池区,5-10年,本科,中台产品 平台产品 TO B
系统架构师,15000-30000,保定-莲池区,3-5年,本科,数据结构 大数据架构 微服务架构 平台架构 网站架构
实施工程师-医疗部（1年以上工作经验，会java、VB、VC、C、Delphi之一种计算机语言，长期出差）,17000-25000,保定-满城区,1-3年,本科,实施 文档 Java VB VC C Delphi
STYLYY运维管理岗（公园管理方向）B,17000-19000,保定-容城县,3-5年,本科,公园运维
sz大数据项目管理岗B,15000-17000,保定-容城县,1-3年,本科,大数据项目
系统架构师,20000-30000,保定-容城县,5-10年,本科,C++ Javascript 系统架构
技术架构师,17000-23000,保定-容城县,5-10年,本科,架构设计 技术管理 研发团队管理
测试工程师,17000-21000,保定-容城县,5-10年,本科,测试 软件测试 性能测试
软件开发工程师-信息化（雄安）,15000-17000,保定-容城县,无经验,本科,Java Android iOS 小程序 Web前端 后端开发 MySQL Javascript
产品经理（数据可视化方向）,17000-26000,保定-容城县,1-3年,本科,数据产品
java开发工程师-雄安,15000-19000,保定-容城县,1-3年,本科,Java 后端开发
python研发工程师,15000-22000,保定-容城县,5-10年,本科,Python 架构设计 Linux MySQL
大数据开发工程师,17000-21000,保定-容城县,1-3年,本科,大数据开发
人工智能工程师,17000-25000,保定-容城县,1-3年,本科,视频算法 图像识别 图像处理
测试开发工程师,17000-21000,保定-容城县,1-3年,硕士,测试开发
架构师助理（开发维护）,15000-18000,北京,1-3年,本科,Java Python 英语 开发维护 系统开发
前端react开发,15000-22000,北京,1-3年,本科,Redux Reactjs
web前端开发工程师,16000-25000,北京,3-5年,本科,TypeScript CSS3 HTML5 ES6 前端开发 JavaScript WEB开发
深度学习算法工程师（智能语音技术中心）,17000-25000,北京,不限,硕士,深度学习 Python Caffe 语音识别 机器学习 TensorFlow paddlepaddle C++
系统运维工程师,17000-20000,北京,3-5年,本科,Windows SQL Server
C/C++软件开发工程师(J10044),18000-35000,北京,3-5年,本科,C/C++ C++ Linux 机器视觉
图像算法工程师(J10061),20000-35000,北京,3-5年,硕士,图像算法 图像处理 三维重建 模式识别
数据分析师,15000-20000,北京,1-3年,本科,数据分析 Spring SPRING MVC SPRING BOOT MyBatis
大数据算法技术总监（副总工程师）,50000-60000,北京,10年以上,硕士,总工
大数据开发(MJ001719),15000-30000,北京,3-5年,本科,Hadoop Spark
web前端研发工程师,15000-20000,北京,1-3年,本科,HTML5 Javascript CSS3 CSS Vue HTML
java开发工程师,15000-25000,北京,1-3年,本科,后端开发 Spring Hibernate 软件工程师 SpringMVC SpringBoot SpringCloud Mybatis
自然语言处理算法工程师,25000-50000,北京,1-3年,硕士,NLP
C++软件算法工程师,25000-50000,北京,3-5年,本科,C++ C/C++ Boost Studio
软件开发工程师,20000-35000,北京,3-5年,本科,C语言 C++ Java 嵌入式软件开发
软件架构师,15000-30000,北京,3-5年,本科,架构设计 NET Java J2EE
电池储能电站数字化智慧运维系统算法研发工程师,15000-30000,北京,不限,本科,数据挖掘 机器学习 深度学习 电池储能 数字化智慧运维 新能源 算法开发 预测性维护
新能源场站控制算法开发工程师,15000-30000,北京,3-5年,硕士,新能源发电 控制工程
计算机图形算法工程师,15000-26000,北京,无经验,硕士,C/C++ 图像算法 图像开发
SLAM算法工程师,20000-40000,北京,1-3年,硕士,C++ 算法基础 融合定位 SLAM 点云处理 图像处理 图像语义分割 多传感器融合定位
前端开发工程师,15000-30000,北京,1-3年,本科,CSS3 Javascript Vue
算法工程师,20000-40000,北京,3-5年,本科,机器学习 深度学习 数据挖掘 目标检测 图像算法
测试工程师,15000-30000,北京,1-3年,本科,系统测试 性能测试
java工程师＋高薪急聘＋就近安排,20000-27000,北京,1-3年,本科,Python 后端开发 中级软件工程师 初级软件工程师 软件工程师 客户端开发 WEB开发
web前端开发工程师(银行项目）,16000-22000,北京,3-5年,本科,Web前端 HTML Javascript AngularJS
算法工程师(自然语言处理方向),28000-45000,北京,3-5年,本科,NLP 知识图谱 数据挖掘 GBDT
大数据安全方案专家（北京）,50000-60000,北京,3-5年,统招本科,安全运营  数据挖掘  数据运营  人工智能
java大数据开发工程师,22000-30000,北京,3-5年,本科,Java Spark Kafka Hadoop MapReduce Flink Azkaban 关系型数据库
研策-大数据分析-商业,20000-30000,北京,3-5年,本科,数据分析  IT/信息化领域  数据挖掘  数据安全
网络运维经理-非外包,20000-30000,北京,5-10年,本科,CCIE HCIE 企业网运维、园区网络运维 机房网络运维
嵌入式软件开发工程师,20000-35000,北京,3-5年,硕士,嵌入式 芯片 通信 RTOS VxWorks C语言
大数据开发工程师,20000-40000,北京,3-5年,本科,数据架构 数据处理 ETL Hadoop 大数据开发 数据仓库 Flink Storm
数据库开发工程师,25000-35000,北京,不限,本科,Java Python SQL 关系型数据库 数据库开发 MySQL SQLSERVE
web前端工程师,15000-25000,北京,3-5年,本科,Web前端 CSS3 MVVM Vue CSS MVC开发 数据结构 前端开发
搜索算法工程师,25000-30000,北京,不限,本科,Java Python 推荐算法 ElasticSearch 垂直搜索 C语言 C++ 深度学习算法
大数据产品经理,20000-30000,北京,3-5年,本科,ETL 架构设计 数据治理 数据仓库 数据仓库架构 数据库架构 数据架构 数据中台
架构师（SE）,22000-30000,北京,5-10年,本科,视频 大数据 AI 物联网 网络 安全 云计算 架构
数据中心架构师,20000-30000,北京,10年以上,本科,数据中心行业 暖通工程设计 弱电工程设计
心电算法工程师,25000-45000,北京,5-10年,本科,信号处理 数字信号 MATLAB C++
网络交付运维,15000-30000,北京,5-10年,本科,网络运维 网络安全 HCIP HCIE CCNA CCNP CCIE HCIA
大数据架构师,20000-28000,北京,5-10年,本科,数据架构 大数据架构 大数据平台 数据挖掘 Hadoop
技术支持（计算机视觉算法工程师）,15000-30000,北京,1-3年,本科,机器视觉 目标检测 模式识别 图像处理
硬件测试工程师（军工方向）,15000-23000,北京,1-3年,本科,GB/T2423 GJB150
Python爬虫工程师,17000-30000,北京,3-5年,本科,Python 数据采集 反爬虫 分布式爬虫 爬虫开发
python爬虫工程师,17000-30000,北京,3-5年,本科,Python 数据采集 反爬虫 分布式爬虫 爬虫开发
网络安全系统测试工程师,15000-20000,北京,3-5年,本科,网络安全 等保测评 安全测评 风险评估
高级协议栈算法工程师,30000-50000,北京,3-5年,本科,MATLAB
军用软件测试工程师,15000-20000,北京,1-3年,本科,可靠性测试 黑盒测试 军用软件测试
无线通信算法工程师,30000-50000,北京,3-5年,本科,MATLAB
网安产品安全测试,15000-20000,北京,3-5年,本科,SPIRENT IXIA CISP CISSP 网络安全产品测试
数据产品经理,15000-20000,北京,1-3年,本科,数据分析 数据统计
python开发工程师（hpc高性能计算方向）,15000-25000,北京,1-3年,本科,Python C语言
C++开发工程师（信息安全领域）,20000-25000,北京,3-5年,本科,C++ Python Golang TCP/IP C语言 Java 后端开发
Oracle ebs 开发工程师,20000-40000,北京,3-5年,本科,IT/信息化领域  功能开发  模块开发  Oracle
GNSS数据处理算法开发工程师,20000-30000,北京,不限,硕士,C++
大数据平台架构师（数据中台）,50000-80000,北京,5-10年,硕士,Spark  架构设计  技术支持  Hadoop
产品研发经理（兼IT架构师）,40000-60000,北京,5-10年,本科,架构设计 软件开发
Java后端/大数据工程师,18000-25000,北京,5-10年,本科,Java ElasticSearch MongoDB Kafka Spring Nginx SpringCloud SpringBoot
高级嵌入式软件开发工程师,20000-35000,北京,3-5年,本科,嵌入式 C++ C语言 物联网 车联网 Ubuntu Qt uC/OS
惯性导航算法工程师-社招,20000-40000,北京,5-10年,硕士,导航算法 MATLAB
高级python工程师,15000-22000,北京,5-10年,本科,后端开发 Celery MongoDB Python Django Flask Kafka ElasticSearch
算法工程师（运筹优化）,20000-40000,北京,5-10年,本科,Java C++ Python C语言 Go 算法基础 嵌入式技术 机器学习算法
java后端开发工程师,15000-25000,北京,1-3年,本科,Java Spring MySQL
Java后端开发工程师,15000-25000,北京,1-3年,本科,Java Spring MySQL
药品销售总监（大数据）,20000-30000,北京,5-10年,本科,渠道销售
K8s运维开发工程师,20000-40000,北京,不限,本科,Python OpenShift Kubernetes SERVICESMESH
数据分析师（算法岗）,15000-30000,北京,1-3年,硕士,数据分析 TensorFlow Python 深度学习
高级软件开发工程师,17000-25000,北京,3-5年,本科,Java Tomcat 后端开发 MySQL SpringCloud Apache 微服务架构 分布式
python工程师,15000-30000,北京,3-5年,本科,Python Pandas NumPy Flask Django 网络爬虫技术
网络产品开发工程师,15000-25000,北京,3-5年,本科,网络 网络安全 安全 TCP/IP协议
PaaS平台架构师,30000-50000,北京,3-5年,本科,大数据架构
java研发工程师,15000-25000,北京,1-3年,本科,Java
网络安全产品总监,180000-250000,北京,5-10年,本科,安全产品 网路安全 信息安全 网络产品 安全 软件行业
web开发工程师,15000-25000,北京,1-3年,本科,Web前端
遥感算法工程师,20000-40000,北京,不限,本科,图像处理 三维重建 图像增强 C++ SLAM 数字图像 图像识别 激光雷达
图像算法工程师,15000-30000,北京,1-3年,本科,图像处理 图像算法 图像识别 深度学习 图像分割
高级前端工程师,20000-40000,北京,3-5年,统招本科,Vue  nodejs  Web前端开发
平台运维工程师,20000-25000,北京,3-5年,本科,网络安全 Linux
大数据项目经理,20000-30000,北京,10年以上,本科,智慧城市 系统集成
网卡硬件架构师,21000-30000,北京,10年以上,本科,云计算架构
大数据工程师,18000-30000,北京,3-5年,本科,数据库
大数据总监,20000-30000,北京,5-10年,硕士,研发管理  架构设计  管理体系建设  IT/互联网/软件  制度制定  团队管理
架构师,30000-60000,北京,5-10年,本科,架构设计 云计算 物联网
BIM软件开发工程师（Revit、Bentley二开方向）,15000-30000,北京,1-3年,本科,C++ C# BIM软件开发 Revit Bentley 二次开发
大数据系统运维工程师（自动化驾驶方向）,20000-28000,北京,5-10年,本科,hive
C++软件测试工程师-单元测试,20000-40000,北京,1-3年,本科,测试开发 自动化测试
销售总监-大数据，Saas方向,30000-40000,北京,5-10年,本科,
Android软件开发工程师,15000-30000,北京,3-5年,本科,Android Java
解决方案工程师（大数据方向）,25000-40000,北京,5-10年,本科,解决方案 大数据
技术经理/架构师（区块链）,30000-40000,北京,3-5年,本科,Java 分布式技术
视频分析算法及应用工程师,20000-35000,北京,3-5年,本科,Python 算法 视频内容分析 人脸识别 深度学习
机器学习/AI算法研究员,30000-60000,北京,经验不限,硕士及以上,python  go  机器学习  强化学习
高级数据分析师（新能源）,15000-30000,北京,3-5年,本科,数据分析 数据治理 数据挖掘 Python
伺服驱动控制算法工程师,15000-30000,北京,3-5年,本科,MATLAB/SIMULINK 驱动器软件开发 PID SVPWM FOC 参数辨识 ADRC 自整定
算法工程师（隐私计算）,23000-45000,北京,5-10年,本科,机器学习 TensorFlow Keras 隐私计算 区块链
资深无线通信算法工程师,15000-30000,北京,3-5年,本科,5G 物理层 无线通信协议 Mac
人工智能算法研究博士后,20000-30000,北京,1年以下,博士,图像识别 信号处理 定位算法
芯片测试工程师（晶圆）,18000-35000,北京,1-3年,本科,测试 可靠性测试 电性能测试
无人配送调度算法工程师,30000-60000,北京,3-5年,统招本科,数据挖掘  算法设计
算法工程师-机器人控制,18000-35000,北京,1-3年,硕士,运动控制 跟踪算法
python开发工程师,15000-30000,北京,3-5年,本科,Python
高级大数据开发工程师,15000-30000,北京,3-5年,本科,数据治理 Hive 数据建模 Scala Java 数仓开发 Spark Kafka
机器人控制算法工程师,15000-30000,北京,3-5年,本科,MATLAB C/C++
可穿戴设备算法工程师,25000-45000,北京,3-5年,本科,机器学习算法
C++高级软件工程师,15000-25000,北京,1-3年,本科,C/C++
大数据库开发工程师,20000-28000,北京,3-5年,本科,数据开发  SQLServer  MySQL  人工智能领域  工业互联网  大数据领域  云计算领域  汽车领域  石油领域  IT/信息化领域
ADAS算法工程师,15000-30000,北京,不限,硕士,控制算法 传感器融合 运动控制 自动驾驶 导航算法 融合算法 目标跟踪
机器学习算法工程师,30000-50000,北京,1-3年,硕士,机器学习 模式识别 C++ Python 检测算法
信号处理算法工程师,15000-30000,北京,不限,本科,信号处理 特征提取 数字信号 机器学习
自动化测试工程师,15000-30000,北京,不限,本科,Selenium Webdriver 软件测试 移动端测试 Java Cucumber PC客户端测试 Web端测试
机械臂算法工程师,30000-50000,北京,3-5年,本科,机器人 控制算法 运动控制 轨迹规划 运动学、动力学 机器人学 阻抗控制
架构师/技术经理,30000-60000,北京,5-10年,本科,架构设计 Java Hadoop Spring Docker 数据仓库
大数据算法工程师,15000-25000,北京,1-3年,本科,python  sas  spss  matlab  机器学习
大数据平台架构师,25000-45000,北京,3-5年,统招本科,hadoop  spark  hbase
ETL开发工程师,15000-25000,北京,1-3年,本科,ETL 数据仓库 数据治理
AI研发工程师,20000-30000,北京,5-10年,本科,TensorFlow 自然语言处理 数据开发 数据分析 PyTorch 视觉图像算法
大数据咨询顾问,20000-30000,北京,3-5年,本科,大数据咨询 大数据分析 数据中台 知识图谱 实体标签 人工智能 可视化分析
后端开发工程师,15000-25000,北京,1-3年,本科,后端开发 JS Python MongoDB 视频服务器 MySQL
Java架构师,25000-45000,北京,5-10年,本科,架构师 高级软件工程师 SpringBoot
数据开发工程师,25000-50000,北京,经验不限,硕士及以上,python  数据库  mysql
算法设计工程师,25000-50000,北京,不限,硕士,通信原理信号处理
通信算法工程师,15000-30000,北京,1-3年,本科,MATLAB
java架构师,30000-60000,北京,5-10年,本科,Java
运维部副经理,20000-30000,北京,10年以上,本科,系统维护
大数据分析岗,15000-20000,北京,3-5年,硕士,数据挖掘
机器人SLAM定位/自主导航/三维重建/点云处理/三维视觉算法工程师,30000-60000,北京,1-3年,本科,C++ Python Shell Linux ROS2
2022校招-java开发工程师(X11445),17000-25000,北京,无经验,本科,Java Spring
嵌入式软件开发（单片机/ARM/DSP）工程师,15000-20000,北京,3-5年,本科,嵌入式 单片机 ARM 电子 嵌入式软件开发
python工程师（资讯）(MJ000095),15000-25000,北京,不限,本科,Python Linux XPath JS
高级大数据开发工程师 广告大数据 Spark,20000-30000,北京,3-5年,本科,Spark  数据清洗  数据开发  数据分析  HBase  Hadoop
高级大数据开发工程师 Hadoop Hive,20000-35000,北京,3-5年,本科,Hive  Spark  HBase  Hadoop
【实习生计划】软件开发工程师(J10595),15000-20000,北京,不限,本科,Java C++ C
【实习生计划】图像算法工程师(J10594),100000-140000,北京,不限,硕士,视觉图像算法
2022校招-前端开发工程师(X11463),17000-25000,北京,无经验,本科,Web前端
大数据工程师 大数据开发 Hadoop,18000-25000,北京,3-5年,本科,Spark  数据采集  数据收集  数据开发  数据清洗  数据分析  HBase  Hadoop
python工程师(MJ000071),15000-25000,北京,不限,本科,Python Scrapy Django ElasticSearch
高级售前咨询顾问（行业解决方案架构师）,20000-30000,北京,3-5年,本科,大数据 社会信用 经济运行 精准招商 解决方案
高级数据工程师 数据开发 Hadoop,25000-35000,北京,5-10年,本科,
图像算法/传统算法工程师(UAQL),20000-40000,北京,不限,硕士,图像算法 图像处理 C++ MATLAB 图像分类
大数据技术总监 CDP 客户数据平台,55000-70000,北京,5-10年,本科,大数据领域  Hadoop
数据开发工程师/BI/ETL/开发,20000-30000,北京,3-5年,本科,hadoop  spark  数据仓库  hive  etl  hbase  java  python  建模  spring
系统运维工程师(MJ000181),15000-20000,北京,1-3年,本科,Python
大数据技术总监 数据平台技术总监,55000-70000,北京,5-10年,本科,架构设计  系统设计  Flink  Druid  数据分析  Spark  PowerBuilder  HBase  Hadoop  Elasticsearch
高级软件开发工程师（C#NET）,20000-30000,北京,5-10年,本科,C# NET 数据库 分布式
python开发工程师（北京）,15000-25000,北京,3-5年,本科,Django Flask Python 后端开发 Docker Golang
高级技术支持工程师（系统运维）,20000-25000,北京,5-10年,本科,Linux Windows Oracle MySQL CRM系统
气象算法工程师/机器学习工程师,15000-25000,北京,1-3年,硕士,Python  C++  C/C++  C语言
销售总监 大数据产品 智能营销,18000-30000,北京,5-10年,本科,客户管理  大客户  to B  广告营销
图形算法工程师(J10296),15000-20000,北京,不限,本科,OpenGL 图像算法
高级算法工程师(J10205),17000-23000,北京,5-10年,本科,机器学习
大数据架构师(J10180),25000-35000,北京,10年以上,本科,大数据架构 HDFS 数据中台 Spark 基础架构
前端软件工程师（YC007）,15000-25000,北京,1-3年,本科,小程序 Javascript CSS HTML
大数据开发工程师 Flink,18000-35000,北京,3-5年,本科,java  sql
C++软件工程师（音视频）,15000-30000,北京,不限,本科,人工智能领域 机器学习 ython/C++ TensorFlow/Pytor C++ Python Hadoop Spark
前端架构师(J10178),25000-35000,北京,5-10年,本科,前端架构 移动端 小程序 Javascript web前端 移动前端
高级python开发工程师,16000-30000,北京,3-5年,本科,Django Flask 后端开发 Python 高级软件工程师
java后端高级开发工程师,15000-25000,北京,1-3年,本科,Java MyBatis MySQL 数据库
Java后端高级开发工程师,15000-25000,北京,1-3年,本科,Java MyBatis MySQL 数据库
算法工程师(J10206),17000-23000,北京,3-5年,本科,机器学习 推荐算法
中级python开发工程师,15000-20000,北京,1-3年,本科,Python
大数据技术总监 数据平台,55000-70000,北京,5-10年,本科,架构设计  系统设计  Flink  Druid  数据分析  Spark  PowerBuilder  HBase  Hadoop  Elasticsearch
高级技术总监 大数据平台,60000-80000,北京,经验不限,本科,架构设计  系统设计  Flink  Druid  Spark  数据分析  PowerBuilder  Hadoop  HBase  Elasticsearch
大数据工程师 大数据开发,18000-25000,北京,5-10年,本科,Spark  数据收集  数据采集  数据清洗  数据分析  数据开发  HBase  Hadoop
web前端工程师（中高）,15000-30000,北京,5-10年,本科,CSS DIV+CSS HTML Nodejs react Vuejs
农业农村大数据售前工程师,15000-30000,北京,1-3年,硕士,软件工程 农业大数据 数字化转型 产品咨询 技术沟通
C++高级软件开发工程师,15000-20000,北京,5-10年,本科,Shell Python SQL C++
卫星遥感大数据算法研究员,16000-30000,北京,1-3年,硕士,遥感  大数据  机器学习  深度学习
软件开发工程师（C++）,15000-30000,北京,3-5年,本科,C++ C/C++ QT Linux
三维CAD软件开发工程师,20000-40000,北京,1-3年,本科,算法 CGAL OCCT 三维几何
机器学习MLOps工程师,18000-22000,北京,3-5年,统招本科,机器学习
渗透测试工程师（短期）,80000-120000,北京,1-3年,本科,BurpSuite Appscan AWVS Nmap Web渗透测试 安全渗透测试 内网渗透测试 外网渗透测试
控制算法工程师（光电）,15000-30000,北京,1-3年,硕士,机器学习 深度学习 图像处理 控制算法 检测算法
农业农村大数据产品经理,15000-30000,北京,1-3年,硕士,信息系统 中台产品 大数据产品 SAAS产品
产品总监（大数据方向）,28000-35000,北京,5-10年,统招本科,需求分析  产品设计  架构设计  数据产品
算法工程师（医疗行业）,20000-40000,北京,无经验,博士,信号处理 数字信号 MATLAB 控制算法
雷达信号处理算法工程师,15000-30000,北京,1-3年,硕士,MATLAB C++ 雷达信号处理
python数据工程师,15000-20000,北京,1-3年,本科,数据清洗 网络爬虫 Python
Python数据工程师,15000-20000,北京,1-3年,本科,数据清洗 网络爬虫 Python
通信算法工程师（校招）,18000-27000,北京,无经验,硕士,MATLAB C++
webGL开发工程师,30000-50000,北京,3-5年,本科,Threejs Javascript WebGL BABYLONJS OpenGL DirectX METAL C++
C/C++软件工程师,18000-35000,北京,1-3年,本科,C/C++ C++ Linux Unix 高级软件工程师 中级软件工程师 初级软件工程师
办公物联网后端架构师,30000-40000,北京,3-5年,本科,Java 架构设计 Spring MyBatis TCP/IP
c++软件开发工程师,15000-30000,北京,1-3年,本科,C++ 数据库 QT 嵌入式 通信 Linux
实习生（数据分析师）,140000-160000,北京,不限,硕士,数据分析 数据清洗 数据挖掘 R语言 SAS
信息中心-系统架构师,20000-25000,北京,5-10年,本科,Java Spring 中台架构 微服务架构
软件工程师（C++）,15000-30000,北京,1-3年,本科,C++ Qt
数据仓库开发工程师,25000-45000,北京,3-5年,统招本科,数据开发  数仓开发  数据建模  Hive  数据架构  SQL  PostgreSQL  Greenplum  Oracle  MySQL
人工智能算法工程师,150000-200000,北京,1年以下,本科,Python C++ 搜索算法 广告算法 数据采集 数据挖掘 机器学习算法 深度学习算法
智慧交通算法工程师,25000-35000,北京,3-5年,本科,图像处理 深度学习 模式识别 摄像机图像 人脸检测 目标识别 图像识别
java软件工程师,15000-26000,北京,1-3年,本科,Java 前端开发 HTML5 Spring MySQL JSP
深度学习算法工程师,20000-25000,北京,3-5年,硕士,深度学习 图像识别 目标跟踪 Python MTCNN
AI加速软件工程师,18000-35000,北京,不限,本科,Python 机器学习 深度学习 Caffe
3D视觉算法工程师,15000-30000,北京,5-10年,硕士,三维重建 图像处理 双目立体视觉 芯片开发
产品经理（大数据）,20000-40000,北京,1-3年,本科,数据产品 智慧军营 军队信息系统 大数据
飞行控制算法工程师,30000-55000,北京,3-5年,硕士,无人机飞控系统研发 飞行运动学基础知识
隐私计算算法工程师,30000-50000,北京,1-3年,本科,C++ Go Java 安全多方计算
网络安全产品经理,20000-30000,北京,3-5年,本科,网络安全 视频会议产品 IT/互联网 数据安全 云安全
医院运维项目经理,15000-30000,北京,3-5年,本科,设施管理 环境绿化 园区物业 前介管理 安全管理
大数据总监 校招,40000-60000,北京,5-10年,本科,数据产品  产品规划  数据分析  产品设计
机器人算法工程师,20000-30000,北京,3-5年,本科,机器人 运动控制 控制算法 传感器
大数据高级工程师,30000-50000,北京,3-5年,本科,Hadoop SQL HIVE
数据架构师 校招,30000-50000,北京,5-10年,本科,架构设计  数据库设计
抗干扰算法工程师,20000-30000,北京,1-3年,硕士,C/C++
环保大数据分析师,15000-30000,北京,3-5年,硕士,
系统开发工程师,15000-22000,北京,3-5年,本科,Java Javascript Python 后端开发 Ruby JavaScript
高级数据分析师,25000-35000,北京,5-10年,统招本科,sql  python  hadoop  spark  java  scala
AI算法工程师,20000-30000,北京,1-3年,本科,Halcon 机器视觉 图像处理 视觉检测 模式识别
对象存储架构师,25000-50000,北京,5-10年,本科,架构设计 C 对象存储 多线程 分布式 Linux
大数据培训讲师,16000-23000,北京,1-3年,本科,线下教育 授课老师 教学管理 IT培训 平面设计
大数据运维专家,35000-65000,北京,10年以上,本科,Linux Hive CDH 大数据 Hbase
大数据业务经理,20000-25000,北京,3-5年,本科,MySQL SQL 大数据采集 Python
数据挖掘工程师,16000-20000,北京,3-5年,硕士,数据分析 MATLAB Python
高级运维工程师,15000-25000,北京,5-10年,本科,安全 Linux 网络 运维开发
数据安全架构师,40000-70000,北京,10年以上,统招本科,商业产品  产品规划  团队管理
导航算法工程师,19000-35000,北京,1-3年,硕士,C# C++ Linux
量化开发工程师,30000-40000,北京,3-5年,统招本科,系统开发  Python
雷达算法工程师,18000-35000,北京,不限,硕士,毫米波雷达 嵌入式技术
游戏数据分析师,15000-30000,北京,1-3年,本科,Python SQL
大数据技术总监,30000-40000,北京,5-10年,硕士,技术支持  技术战略
web前端开发,15000-25000,北京,不限,本科,Vue React
java工程师,20000-30000,北京,3-5年,本科,Java
机器学习工程师,15000-25000,北京,经验不限,统招本科,
大数据分析师,20000-40000,北京,3-5年,本科,数据挖掘  python  hadoop  spark  数据仓库  mysql  etl  java  hbase  oracle
高级架构师,30000-50000,北京,不限,本科,架构设计 Java Spring J2EE
大数据分析,20000-35000,北京,经验不限,统招本科,数据仓库  etl
数据架构师,25000-45000,北京,5-10年,统招本科,数据架构
运维副总,20000-30000,北京,10年以上,本科,ITIL 解决方案 运维
产品经理-集成会议（L3级，北京，网络与信息安全总体部）,15000-25000,北京,5-10年,本科,产品经理
需求分析师-公文（L2级，北京，网络与信息安全总体部）,15000-25000,北京,1-3年,硕士,需求分析
大客户销售总监（大数据软件）-成都-00022,30000-50000,北京,3-5年,本科,金融业  客户管理  销售管理  基金业  区域销售  渠道销售  金融行业  金融理财/贷款  区域管理
大客户销售总监（大数据软件）-杭州-00048,30000-50000,北京,1-3年,本科,金融业  客户管理  销售管理  基金业  区域销售  渠道销售  金融行业  金融理财/贷款  区域管理
音频算法工程师(算法实现和优化方向),15000-25000,北京,3-5年,本科,人工智能领域 机器学习 ython/C++ TensorFlow/Pytor C++ Python Hadoop Spark
音频算法工程师(音频编解码方向),15000-25000,北京,3-5年,本科,人工智能领域 机器学习 ython/C++ TensorFlow/Pytor C++ Python Hadoop Spark
军用软件高级测试工程师（JPB）,15000-25000,北京,不限,本科,熟悉军用软件流程 C/C++代码能力强 测试开发 熟悉常用测试工具 软件测试 自动化测试
python工程师(XMAL),20000-30000,北京,3-5年,本科,Linux MySQL 算法基础 高级软件工程师
直流控制保护系统软件开发工程师,15000-25000,北京,5-10年,硕士,嵌入式软件开发 嵌入式硬件开发
算法工程师(MJ000206),15000-25000,北京,1-3年,硕士,算法工程师
软件开发工程师（爬虫开发岗）,16000-32000,北京,3-5年,统招本科,网络开发  Scrapy  Django  Spark  系统开发  框架开发  框架设计  Python  MongoDB
软件开发工程师（智能化方向）,15000-25000,北京,3-5年,本科,QT OpenCV 机器视觉 Halcon C# C++ 硬件设备开发
应届NLP算法工程师（北京）,15000-25000,北京,不限,硕士,NLP Python 实体识别 pytorch 深度学习
高级软件开发工程师（C++）,30000-50000,北京,3-5年,本科,C++ QT 机器学习 计算机视觉 机器视觉 机器人
算法工程师（激光雷达方向）,20000-30000,北京,3-5年,本科,MATLAB 识别算法 图像算法 控制算法 C++ 定位算法
python软件开发实习生,15000-20000,北京,无经验,本科,Java C++ 数据库 Python
电力系统分析应用软件开发,17000-22000,北京,1-3年,本科,电气 程序设计 vc++/visualc++ Linux 数据库开发 QT开发 麒麟 凝思
linux软件开发工程师,15000-25000,北京,不限,硕士,Linux C/C++ C++ Unix TCP/IP 驱动开发 Linux C
高级软件架构师（C++）,30000-60000,北京,5-10年,本科,架构设计 C++ 算法 Docker Linux 图像识别
船用发动机排放测试工程师,15000-20000,北京,1-3年,本科,发动机测试 环境测试
高级音频算法工程师/经理,20000-30000,北京,5-10年,硕士,算法 语音处理
中级java开发工程师,15000-30000,北京,不限,本科,Java JVM MyBatis TCP/IP Spring 后端开发 SpringBoot SpringMVC
深度学习软件研发工程师,18000-30000,北京,不限,硕士,TensorFlow 图像识别 pytorch 目标检测 OpenCV 特征提取
mysql数据库管理员,20000-40000,北京,5-10年,本科,MySQL 数据库 数据库管理员 MongoDB
python开发实习生,15000-17000,北京,不限,本科,Python Django
大数据分析与建模研究员,16000-32000,北京,5-10年,硕士,数据挖掘  python
智能运维解决方案架构师,18000-35000,北京,3-5年,本科,智能运维 AIOps
嵌入式软件测试工程师,17000-25000,北京,1-3年,本科,软件测试 测试 自动化测试 白盒测试 灰盒测试 性能测试 静态测试 动态测试
C++软件开发工程师,20000-30000,北京,3-5年,本科,C++ C/C++ 通信 数据结构 Windows 多线程 多进程
信息安全测试工程师,15000-30000,北京,不限,本科,Nessus Nmap Appscan AWVS BurpSuite Web渗透测试 安全渗透测试 合规性
高级数据开发工程师,15000-30000,北京,5-10年,本科,架构设计 数据分析 数据挖掘 数据仓库 Python Java 数据治理 数据中台
应用软件开发工程师,15000-30000,北京,不限,本科,C++ 嵌入式 通信 TCP/IP C/C++ Linux
nlp算法工程师,40000-60000,北京,不限,硕士,NLP Python 实体识别 pytorch 深度学习
渗透测试工程师,16000-30000,北京,不限,本科,内网渗透 外网渗透 信息安全 安全测试 BurpSuite Nmap 代码审计 SqlMap
信息系统架构师,18000-30000,北京,5-10年,本科,架构设计 Java Spring UML Docker Kubernetes SOA
高级算法工程师,15000-20000,北京,5-10年,本科,聚类 决策树 知识图谱 图像处理 深度学习 机器学习
文本算法工程师,100000-200000,北京,不限,本科,C++ 机器学习 深度学习 Java
架构师-大数据,35000-65000,北京,5-10年,本科,hadoop  spark
产品测试工程师,17000-20000,北京,1-3年,本科,安全测试
电力算法工程师,28000-50000,北京,3-5年,本科,C++
物联网架构师,30000-50000,北京,5-10年,本科,物联网 Java Python Javascript 系统搭建
系统架构师,15000-18000,北京,3-5年,本科,Java Python Tomcat 架构设计
体系架构师,15000-30000,北京,1-3年,硕士,架构设计 大数据架构
软件工程师 - 机器学习平台 (MJ000209),30000-60000,北京,3-5年,统招本科,Kubernetes  Python
web前端开发工程师实习生（本科2022年毕业）,15000-20000,北京,无经验,本科,DIV+CSS HTML Javascript jQuery Vuejs
数据分析师-Data-直播/电商/教育/搜索,15000-30000,北京,1-3年,本科,人工智能领域 机器学习 ython/C++ TensorFlow/Pytor C++ Python Hadoop Spark
车联网信息安全开发岗（整车信息安全测试方向）,15000-30000,北京,不限,本科,系统安全 数据安全 云安全 网站安全 TCP/IP协议 路由协议
机器学习工程师-定价 (MJ001849),30000-60000,北京,3-5年,统招本科,spark  python  hadoop  数据挖掘  tensorflow  sql  数据仓库
web前端开发实习生（本科2022年毕业）,15000-18000,北京,不限,本科,DIV+CSS HTML Javascript jQuery Vuejs
嵌入式软件开发工程师(MJ000191),18000-35000,北京,3-5年,本科,嵌入式Linux C++ TCP/IP C语言
大数据算法工程师（知识图谱 数据模型）,25000-45000,北京,5-10年,本科,tensorflow  caffe  python  c++  java  spark  自然语言处理  深度学习  机器学习  NLP
大数据算法工程师（联邦学习与隐私计算）,20000-50000,北京,5-10年,本科,python  java  c++  机器学习  加密算法  隐私算法  联邦学习
分布式数据库开发（C/C++）-架构师,70000-100000,北京,5-10年,统招本科,C++  C/C++  C语言  MySQL
嵌入式Linux软件开发工程师（北京）,15000-20000,北京,无经验,硕士,Linux 通信 C/C++ C++
数据分析师-抖音/今日头条/西瓜视频,15000-30000,北京,1-3年,本科,人工智能领域 机器学习 ython/C++ TensorFlow/Pytor C++ Python Hadoop Spark
分布式数据库开发（C/C++）架构师,40000-70000,北京,3-5年,统招本科,C++  C/C++  C语言  PostgreSQL  MySQL
大数据领军人才（海归数据科学家）国企,60000-80000,北京,经验不限,博士,数据科学家  海归人才
产品测试工程师-系统(J10320),17000-24000,北京,1-3年,本科,可靠性测试 性能测试
恩菲数字智能技术公司-智能工厂架构师,20000-30000,北京,5-10年,本科,高级技术管理
python工程师或高级工程师招聘,16000-30000,北京,不限,硕士,Python Java Linux 数据库 C++ 机器学习 MySQL RabbitMQ
运维工程师-美国-美国-02780,15000-25000,北京,3-5年,本科,电气设计 硬件测试 功能测试 性能测试 电子元器件工程师
软件开发工程师(MJ000321),18000-30000,北京,5-10年,本科,TCP/IP 交换机 服务器
信号处理FPGA算法工程师（总部）,15000-30000,北京,3-5年,本科,控制算法 FPGA 信号处理
塔吊系统架构师(MJ000640),25000-45000,北京,5-10年,本科,塔吊 ROS ADAS开发
大数据架构师 (MJ000101),25000-50000,北京,5-10年,统招本科,架构设计  数据挖掘
高级软件开发工程师（JAVA方向）,15000-25000,北京,5-10年,本科,Java
抖音电商-数据分析师（产品分析）,40000-80000,北京,不限,本科,人工智能领域 机器学习 ython/C++ TensorFlow/Pytor C++ Python Hadoop Spark
抖音电商-数据分析师（平台治理）,40000-80000,北京,不限,本科,人工智能领域 机器学习 ython/C++ TensorFlow/Pytor C++ Python Hadoop Spark
抖音电商-数据分析师（运营分析）,40000-80000,北京,不限,本科,人工智能领域 机器学习 ython/C++ TensorFlow/Pytor C++ Python Hadoop Spark
资深Slam算法工程师-Pico,60000-120000,北京,不限,本科,人工智能领域 机器学习 ython/C++ TensorFlow/Pytor C++ Python Hadoop Spark
物流研发—数据挖掘专家（AOI）,35000-50000,北京,5-10年,本科及以上,数据挖掘  大数据领域  Python  Java
资深大数据开发专家（国企不加班）,25000-50000,北京,经验不限,统招本科,数据建模  数据治理  数据开发  数据分析
网络安全研究员（大数据建模方向）,20000-40000,北京,3-5年,本科,机器学习 Python Java SQL
大数据项目经理/大数据技术总监,15000-30000,北京,5-10年,本科,数据开发  云计算/大数据  数据建模  云计算领域  数据分析  医疗领域  平台运营  SQL  Oracle  MySQL
人工智能-图像/视频算法工程师,23000-45000,北京,不限,硕士,深度学习 目标检测 C++ Python 视频图像 图像算法 图像识别 特征提取
JAVA架构师(J20124),25000-40000,北京,5-10年,本科,Java iOS Android C++ 架构师 高级软件工程师 全栈开发
嵌入式软件开发工程师（MCU）,21000-30000,北京,1-3年,本科,C语言 STM32 MCU DSP GD32
web前端开发工程师（实习生）,15000-17000,北京,不限,本科,Javascript HTML/CSS
大数据工程师（2022届硕士）,15000-20000,北京,无经验,硕士,Java Python Spark
服务器端python开发工程师,15000-20000,北京,5-10年,本科,Python
大数据开发工程师（实时计算）,40000-55000,北京,5-10年,统招本科,数据架构  Doris  数据中台  Spark  Flink  Java  ClickHouse  Scala  Python  SQL
高级数据分析师—用户增长方向,18000-35000,北京,3-5年,本科,人工智能领域 机器学习 ython/C++ TensorFlow/Pytor C++ Python Hadoop Spark
深度学习算法工程师（项目部）,15000-30000,北京,不限,本科,深度学习 神经网络 机器学习 Python TensorFlow pytorch
C/C++程序开发软件工程师,15000-30000,北京,无经验,本科,C++ QT C/C++ Linux 音视频 图像处理 视频编解码 视频开发
云计算解决方案工程师（北京）,15000-20000,北京,1-3年,本科,云计算 私有云 公有云 Python
嵌入式软件开发工程师（应用）,17000-24000,北京,3-5年,本科,嵌入式 电力 硬件开发 原理图
数据分析工程师(大数据业务）,15000-25000,北京,5-10年,本科,数据分析 数据建模
大数据产品经理（大数据业务）,18000-28000,北京,5-10年,本科,大数据产品
大数据操作系统方向助理研究员,30000-60000,北京,不限,博士,大数据
高级后端开发工程师-电商云,20000-40000,北京,不限,本科,人工智能领域 机器学习 ython/C++ TensorFlow/Pytor C++ Python Hadoop Spark
web前端中高级开发工程师,20000-40000,北京,3-5年,本科,Web前端 HTML CSS Javascript TypeScript Vue JavaScript web前端
python/C++工程师,16000-30000,北京,不限,本科,Python C++ TCP/IP 数据库 Django Flask Tornado 数据采集
DevOps运维开发工程师,20000-40000,北京,3-5年,本科,Python MySQL 运维开发 Kubernetes Openstack
机器学习工程师（四川方言）,20000-30000,北京,1-3年,本科,机器学习 NLP iOS MacOS Java Shell Python
python后端开发工程师,19000-28000,北京,3-5年,本科,Python 后端开发 Django Celery
大数据获取与分析核心工程师,18000-28000,北京,3-5年,本科,Python
汽车电池云端大数据算法研发,30000-60000,北京,经验不限,统招本科,matlab
5G通信算法工程师3517,30000-50000,北京,5-10年,硕士,5G算法
架构师(MJ000131),26000-35000,北京,5-10年,本科,Go
web前端高级研发工程师,20000-40000,北京,5-10年,统招本科,前端开发  React  Vue  移动开发  React Native  Flutter  ECMAScript 6  ECMAScript  C/C++  C语言
web前端高级开发工程师,20000-40000,北京,5-10年,统招本科,前端开发  React  Vue  移动开发  React Native  Flutter  ECMAScript 6  ECMAScript  C/C++  C语言
Iaas云平台运维工程师,20000-30000,北京,3-5年,本科,MySQL Kubernetes Openstack 存储运维 虚拟化运维
linux系统运维工程师,15000-25000,北京,3-5年,本科,linux系统操作 Shell Python Docker
中级web前端开发工程师,15000-22000,北京,3-5年,本科,CSS3 Oracle NoSQL JavaScript
PC端应用软件开发工程师,20000-40000,北京,1-3年,本科,电子 C# Python QT 芯片开发 芯片设计
系统架构师（大数据方向）,15000-30000,北京,10年以上,本科,大数据平台 架构设计 数据处理 机器学习 数据架构
数据库工程师（一线运维）,15000-30000,北京,5-10年,统招本科,数据库  oracle  sql  dba
高级web后台开发工程师,20000-25000,北京,5-10年,本科,MySQL Java 高级软件工程师
高级Web后台开发工程师,20000-25000,北京,5-10年,本科,MySQL Java 高级软件工程师
高级web前端开发工程师,16000-25000,北京,5-10年,本科,CSS3 Web端 HTML5
计量自动化软件开发工程师,15000-20000,北京,不限,本科,自动化测试 信息化 软件开发
型式测试与数据分析工程师,15000-20000,北京,1-3年,本科,电力工程师
业务架构师（大数据平台）,26000-40000,北京,10年以上,本科,大数据架构
大数据应用方向助理研究员,30000-60000,北京,不限,博士,大数据
java软件开发工程师,15000-25000,北京,3-5年,本科,Java Spring MySQL MongoDB Socket SPRINGBOOT SPRINGDATA SPRINGMVC
大数据资深解决方案专家,30000-40000,北京,5-10年,统招本科,大数据领域  技术决策  技术支持  架构设计  技术战略  数据治理  数据分析  数据可视化  数据采集
高级java开发工程师,15000-30000,北京,1-3年,本科,Java 架构设计 JVM Spring 后端开发 MySQL Oracle 服务器开发
系统架构师/系统工程师,25000-35000,北京,不限,硕士,脑磁图 脑科学 MRI 脑功能成像 脑电图 医疗器械 平台架构
视觉SLAM算法工程师,30000-60000,北京,1-3年,硕士,C++ 图像处理 SLAM 算法设计 摄影测量 OpenCV
软件开发工程师（前端）,17000-19000,北京,不限,本科,HTML CSS Javascript web前端
Java软件开发工程师,20000-30000,北京,5-10年,本科,Java MySQL Kafka MongoDB
测试工程师（基金业务）,15000-25000,北京,1-3年,本科,性能测试 服务端测试 Web端测试
大数据研发工程师-北京,15000-25000,北京,3-5年,本科,Hadoop Linux Java
python量化工程师,15000-30000,北京,3-5年,本科,Python 量化工程师 交易
网络安全员(运维中心),20000-30000,北京,1-3年,本科,网络安全 漏洞扫描 渗透测试
机器学习深度学习工程师,30000-50000,北京,经验不限,硕士,软件开发  Python
web全栈开发工程师,18000-23000,北京,3-5年,统招本科,js  vue  javascript  java  css  python  angular  数据库  linux  html
IOT软件开发工程师,18000-22000,北京,3-5年,本科,Spring MyBatis Vue JVM SpringBoot SpringCloud JavaScript 分布式架构
数据分析师-中台业务,20000-40000,北京,1-3年,本科,人工智能领域 机器学习 ython/C++ TensorFlow/Pytor C++ Python Hadoop Spark
大数据平台工程师-2,15000-25000,北京,3-5年,本科,Hadoop Hive Spark Hbase Python Java Kafka
数据库内核开发工程师,15000-30000,北京,不限,本科,数据库 C++ MySQL 数据库开发 分布式计算 OLAP Linux
软件开发工程师C++,15000-25000,北京,3-5年,本科,QT MFC Winform WPF 上位机 C 软件工程师 VC++
大数据产品方案咨询师,20000-30000,北京,3-5年,本科,软件行业 IT/互联网 人工智能 云计算/大数据
上位机软件开发工程师,15000-25000,北京,1-3年,本科,Socket C++ Windows 数据库
大数据平台开发工程师,15000-30000,北京,3-5年,本科,Java DataX 数据治理 大数据平台
web后端开发工程师,19000-30000,北京,5-10年,本科,Java SQL Spring CSS
云平台系统开发工程师,15000-20000,北京,1-3年,本科,Java MySQL Python
JAVAweb工程师,15000-25000,北京,3-5年,本科,后端开发 前端开发 MySQL
数据可视化开发工程师,20000-40000,北京,3-5年,本科,C++ QT 3D渲染
北美运维负责人-美国,15000-30000,北京,3-5年,本科,数据分析 网络 安全
net软件开发工程师,15000-25000,北京,3-5年,本科,NET C#
数据应用平台架构师,40000-70000,北京,10年以上,统招本科,Spark  架构设计  大数据领域  IT/信息化领域  软件开发  Hadoop  Kafka  MongoDB  Redis  Oracle
Java开发工程师,15000-30000,北京,1-3年,本科,Java Spring Nginx Tomcat JVM SpringBoot SpringCloud Elasticsearch
对日软件开发工程师,20000-30000,北京,10年以上,本科,人工智能领域 机器学习 ython/C++ TensorFlow/Pytor C++ Python Hadoop Spark
高级行业数据分析师,15000-30000,北京,3-5年,本科,人工智能领域 机器学习 ython/C++ TensorFlow/Pytor C++ Python Hadoop Spark
基础设施运维工程师,20000-40000,北京,5-10年,本科,人工智能领域 机器学习 ython/C++ TensorFlow/Pytor C++ Python Hadoop Spark
数仓高级开发工程师,15000-25000,北京,3-5年,统招本科,etl  python  数据仓库  hive  Hadoop  Spark  Java  ETL
显示图像算法工程师,25000-40000,北京,不限,本科,图像算法 Python C++ 深度学习 Caffe MATLAB PIPELINE 色彩图像
C#软件开发工程师,17000-30000,北京,不限,本科,后端开发 ASPNET SQL Server 高级软件工程师 Visual Studio
图像处理算法工程师,26000-35000,北京,3-5年,硕士,图像处理 OpenCV 图像识别 缺陷检测 视觉检测 检测算法 图像匹配 边缘检测
算法工程师（校招）,15000-20000,北京,无经验,硕士,MATLAB Python C++ 数字信号 数据采集 算法基础 嵌入式技术
图像视觉算法工程师,25000-40000,北京,5-10年,本科,定位算法 C/C++ 视觉SLAM 图形图象算法 图像视觉
平台软件开发工程师,25000-30000,北京,5-10年,硕士,架构设计 数据库 数据处理 Hadoop
云端高级运维工程师,20000-35000,北京,5-10年,本科,信息安全 网络 运维开发 安全 网络安全
图像识别算法工程师,15000-30000,北京,1-3年,本科,图像识别 识别算法 图像处理 机器学习
数据库（二线运维）,30000-40000,北京,1-3年,统招本科,数据库  sql  oracle
测试工程师（算法）,25000-35000,北京,5-10年,本科,GNSS RTK 网络RTK
运动规划算法工程师,25000-40000,北京,5-10年,本科,运动规划
数据库运维工程师,20000-23000,北京,1-3年,统招本科,数据库开发  运维开发  数据迁移  Hadoop  SQL  DBA  Linux  Oracle  HTTP  IT/信息化领域
系统稳定性架构师,30000-60000,北京,5-10年,本科,人工智能领域 机器学习 ython/C++ TensorFlow/Pytor C++ Python Hadoop Spark
web全栈工程师,17000-25000,北京,1-3年,本科,MySQL Maven Bootstrap SpringBoot IDEA JQuery JDK GIT
高级前端开发专家,40000-50000,北京,5-10年,统招本科,费用管控系统  架构设计  前端开发  Vue  ERP系统  前端架构  高并发  性能优化
java开发经理,20000-35000,北京,5-10年,本科,Java 数据库架构 微服务架构 分布式架构 分布式 高并发 多线程 消息队列
集团大数据实习生,15000-20000,北京,无经验,本科,Hadoop Hive Hbase Kafka HDFS Spark
APP测试工程师,15000-30000,北京,不限,本科,测试 软件测试 Linux PERL\PYTHON 自动化测试
算法工程师/专家,30000-60000,北京,不限,博士,图像识别 识别算法 图像处理 C++ pytorch 强化学习
加密卡开发工程师,21000-30000,北京,1-3年,本科,C语言 算法 C++ 芯片设计 芯片开发 PIC
web前端程序员,17000-19000,北京,不限,本科,HTML CSS Javascript
web前端实习生,17000-19000,北京,不限,本科,HTML CSS Javascript
大数据分析工程师,15000-25000,北京,5-10年,本科,数据处理 数据仓库 数据挖掘 数据分析
点云计算开发人员,15000-20000,北京,1-3年,本科,C++ Python OpenCV
大数据运维工程师,20000-40000,北京,5-10年,统招本科,存储运维  Kubernetes
大数据系统架构师,18000-25000,北京,5-10年,本科,数据架构
安全数据分析师,18000-30000,北京,3-5年,本科,人工智能领域 机器学习 ython/C++ TensorFlow/Pytor C++ Python Hadoop Spark
网络数据分析师,30000-40000,北京,不限,本科,人工智能领域 机器学习 ython/C++ TensorFlow/Pytor C++ Python Hadoop Spark
资深数据分析师,15000-30000,北京,5-10年,本科,人工智能领域 机器学习 ython/C++ TensorFlow/Pytor C++ Python Hadoop Spark
大数据产品总监,20000-40000,北京,5-10年,本科,hadoop  spark  hive  kafka  storm  数据分析  建模  分布式  etl
大数据领军人才,100000-150000,北京,经验不限,博士,人工智能领域  云计算领域  工业互联网  电商领域  通信领域  大数据领域  数据挖掘  数据清洗
脑电算法工程师,15000-30000,北京,不限,硕士,MATLAB Python C++ 数字信号 脑电图 近红外成像 生物医学工程 算法基础
算法测试工程师,25000-30000,北京,1-3年,本科,Python C++ 运动控制算法 TensorFlow 视觉图像算法 PyTorch
视觉算法工程师,25000-50000,北京,不限,硕士,深度学习 TensorFlow 机器视觉 特征提取 识别算法 目标识别 图像算法
应用开发架构师,25000-45000,北京,5-10年,本科,架构设计 J2EE MyBatis Hibernate
IT运维工程师,15000-25000,北京,3-5年,本科,系统运维 网络运维 服务器运维 桌面运维 机房运维
推荐算法工程师,30000-50000,北京,3-5年,本科,MapReduce SVM DNN 数据挖掘 LR
电池大数据分析,30000-60000,北京,经验不限,本科及以上,电池  数据分析  sql  安全  电池寿命
测试开发工程师,16000-22000,北京,3-5年,本科,Java C/C++ 自动化测试 系统测试
定位算法工程师,25000-40000,北京,3-5年,本科,定位算法 C/C++ Python C#
基带算法工程师,25000-35000,北京,3-5年,硕士,C++ MATLAB 数字信号 信号处理
技术运维工程师,15000-25000,北京,不限,本科,系统集成 TCP/IP 网络设备 KVM
惯导算法工程师,20000-35000,北京,不限,本科,导航算法 惯导算法 组合导航 捷联惯导
软件测试工程师,15000-20000,北京,1-3年,本科,性能测试 功能测试 系统测试
ai算法工程师,15000-25000,北京,1-3年,硕士,C++ Python
云网服务架构师,20000-25000,北京,5-10年,本科,云计算架构 网络架构
大数据运维总监,20000-40000,北京,经验不限,统招本科,运维开发  故障处理
网络安全架构师,17000-30000,北京,3-5年,本科,网络安全 信息安全
大数据开发经理,60000-80000,北京,10年以上,本科及以上,大数据领域
白盒测试工程师,15000-30000,北京,1-3年,本科,白盒测试
飞控算法工程师,25000-35000,北京,5-10年,本科,飞行控制
数据库架构师,30000-50000,北京,5-10年,本科,数据库架构 数据建模 数据挖掘 数据运维 数据治理
IT运维经理,15000-30000,北京,3-5年,本科,网络 Windows Linux
云计算架构师,30000-50000,北京,10年以上,本科,云计算 高级技术管理
前端工程师,15000-30000,北京,不限,本科,WEB jQuery RequireJs CSS3 HTML5
数据开发岗,17000-23000,北京,5-10年,本科,架构设计 数据采集 大数据开发 Hadoop
工控架构师,17000-24000,北京,5-10年,本科,架构设计 物联网 Socket 通信
技术架构师,30000-60000,北京,5-10年,本科,架构设计 Java SQL 后端架构
运维组组长,20000-25000,北京,5-10年,本科,Linux Windows 运维
大数据总师,20000-35000,北京,10年以上,硕士,Python Java
大数据教研,20000-30000,北京,5-10年,硕士,课程设计
前端架构师,35000-50000,北京,5-10年,统招本科,Vue
前端专家,30000-45000,北京,5-10年,统招本科,Echarts  前端开发  架构设计  框架开发  框架设计
运维总监,15000-30000,北京,5-10年,本科,运维开发 系统运维 运维服务 设备运维
Fuel Efficiency Pre-test Engineer_能耗测试工程师,15000-30000,北京,经验不限,统招本科,
R&D Researcher（架构师_6G 方向）,20000-40000,北京,3-5年,硕士,硬件  架构师  6G
大数据开发工程师（企业服务产品部）-H7261D,18000-35000,北京,3-5年,本科,架构设计 模型设计 数据采集 数据分析 数据建模 大数据平台 技术选型 数据模型
大数据开发工程师（spark）(J10392),20000-30000,北京,3-5年,本科,spark  hadoop  hbase  java  数据仓库  scala  sql  linux
雷达信号处理算法和软件资深工程师-工程部,18000-35000,北京,1-3年,硕士,信号处理 数字信号 MATLAB Python
量化交易策略研究员（AI算法 机器学习）,50000-65000,北京,经验不限,本科及以上,机器学习
高级大数据工程师（平台大数据方向）,30000-40000,北京,3-5年,统招本科,Flink  数仓开发  Hive  数据架构  数据开发  数据建模  大数据领域  Golang
汽车网络安全测试工程师（软件升级）,15000-30000,北京,3-5年,本科,测试 安全测试
大数据开发工程师——计算平台方向,25000-35000,北京,经验不限,统招本科,数据架构  Spark  Flink  HBase  Hive  Hudi  Iceberg  大数据领域
大数据运维工程师(J10460),15000-30000,北京,3-5年,本科,集群运维  业务运维  数据库架构  网络优化  DBA  Hadoop  Java  Python
汽车网络安全测试工程师（车端）,15000-25000,北京,3-5年,本科,安全渗透测试
西门子（中国）IOT架构师,17000-19000,北京,5-10年,本科,TypeScript Java 网络编程 Vue MVC开发 多线程 SpringMVC
数据开发工程师（量化方向）,40000-60000,北京,一年以下,本科及以上,数据开发
汽车数据安全 测试工程师,15000-25000,北京,经验不限,统招本科,
高级数据仓库开发工程师,20000-40000,北京,5-10年,本科,数据仓库  hive  hadoop  spark  sql  hbase  数据库  mysql  oracle
高级Java开发工程师,25000-35000,北京,5-10年,本科,Java  spring  MySQL  数据库
hadoop运维工程师,15000-25000,北京,3-5年,本科,集群运维  hbase  hive  yarn
人工智能和大数据负责人,300000-500000,北京,经验不限,博士,图像处理  大数据算法  算法研究
java高级开发工程师,15000-25000,北京,经验不限,本科,微服务架构  java
前端web开发工程师,17000-20000,北京,3-5年,本科,W3C HTML CSS webpack 前端架构 Vue ElementUI web前端
AI大数据算法工程师,30000-60000,北京,5-10年,统招本科,算法研究  深度学习  深度学习框架
C/C++高级工程师,20000-40000,北京,5-10年,本科,C++  数据库开发
汽车网络安全测试专家,25000-50000,北京,5-10年,本科,安全渗透测试
机器视觉算法工程师,20000-35000,北京,1-3年,硕士,机器视觉 深度学习 图像识别 目标检测 图像匹配 神经网络 感知算法 立体视觉
机器学习算法研究员,27000-40000,北京,经验不限,硕士及以上,python  tensorflow  caffe
FPGA测试工程师,25000-50000,北京,经验不限,本科,FPGA开发  测试  芯片设计  Verilog
软件测试高级经理,30000-50000,北京,5-10年,硕士及以上,软件测试  PC端测试  灰盒测试  自动化测试  白盒测试  Qnx  RTOS
软件开发项目总监,30000-50000,北京,10年以上,本科,售前支持  服务器配置  MVC开发  java  Hadoop  oracle
数据安全产品经理,40000-65000,北京,5-10年,统招本科,数据产品  安全产品  IT互联网  to B  to C  PRD
DBA运维工程师,15000-25000,北京,5-10年,本科,SQL  MySQL  安全运维  数据库运维
C++软件工程师,15000-30000,北京,1-3年,本科,QT 软件工程师 图形图像处理
大数据架构讲师,40000-60000,北京,5-10年,统招本科,数据开发  Hive  Spark  架构设计  Java  HBase
气象算法工程师,15000-25000,北京,1-3年,硕士,C++ MATLAB Python
伺服算法工程师,20000-30000,北京,1-3年,本科,控制算法
大数据科学家,50000-80000,北京,5-10年,博士,技术支持  架构设计
大数据研发,20000-25000,北京,3-5年,本科,Hive Spark Flink Java
大数据讲师,25000-35000,北京,5-10年,统招本科,Hive  Spark
研发中心-高级算法工程师（诊断及数据分析）(J15203),18000-30000,北京,3-5年,硕士,Python
商业数据分析经理/商业数据分析师(J18568),25000-30000,北京,5-10年,硕士,Python 市场调研 标杆研究 内容挖掘 报告撰写 数据整合 Power-BI
运维工程师——基础岗（2-3年可发展为合伙人）,20000-40000,北京,3-5年,本科,系统运维 网络安全 桌面运维 服务器运维 IT支持
金风慧能-算法工程师（供应链）(J18456),15000-30000,北京,5-10年,本科,数据分析 Python 算法基础
高级软件开发工程师（搜索方向）——技术合伙人,25000-50000,北京,3-5年,本科,开发 ZOOKEEPER UML NEO4J 应用 知识图谱
大数据资深研发工程师（Java/Scala）,35000-60000,北京,3-5年,本科及以上,
架构师兼资深JAVA研发（经理或以上级别）,29000-40000,北京,5-10年,本科,Java Vue 微服务架构 容器技术 SpringBoot SpringCloud
【百度搜索架构部】机器学习平台研发工程师,20000-40000,北京,经验不限,本科,PHP  Python  C++  机器学习
大数据运维工程师 (MJ000317),30000-60000,北京,3-5年,本科,hbase  hive  yarn
资深后端研发工程师（Java）风控系统,30000-60000,北京,5-10年,本科及以上,
啫喱web前端开发工程师（开放平台）,40000-45000,北京,5-10年,本科及以上,
RTM方向汽车电池大数据分析与诊断,20000-40000,北京,5-10年,本科,python  RTM  pyspark  Apache  hadoop  high voltage  scala
3D视觉立体匹配算法工程师（高级）,30000-50000,北京,3-5年,本科,3d视觉 C++ OpenCV 机器视觉
视觉/机器学习算法专家-视觉团队,40000-70000,北京,经验不限,统招本科,自动驾驶  机器视觉  Python  算法设计  C++  C语言
机器学习系统工程师（C++方向）,30000-60000,北京,经验不限,硕士及以上,存储运维  C++
算法工程师（MJ000032）,18000-30000,北京,3-5年,本科,自然语言处理 数据挖掘 Java 推荐算法 搜索
机器学习算法工程师（仿真环境）,30000-60000,北京,经验不限,硕士及以上,数据建模  Python
大数据平台架构师——技术合伙人,40000-60000,北京,5-10年,本科,大数据 知识图谱
数据产品经理-北/上/深/杭,40000-70000,北京,5-10年,统招本科,数据产品  数据分析  数据建模  SQL  Hadoop  Hive
数据架构师（数据中台）-北京,20000-40000,北京,5-10年,本科,Spark  Kafka  Hadoop  MapReduce
OpenStack开发工程师,20000-22000,北京,1-3年,本科,Openstack Python Java
java/系统架构/后端开发,18000-27000,北京,不限,本科,Java
C++/QT软件开发工程师,15000-25000,北京,1-3年,本科,C++ QT Linux Socket
java开发工程师（高级）,20000-25000,北京,5-10年,本科,Java 数据库 Spring SQL
结构力学仿真算法研发工程师,35000-45000,北京,5-10年,硕士,结构力学 有限元开发
机器学习数据库研发工程师,30000-60000,北京,经验不限,统招本科,Spark  数据架构  数据开发  Java  C++  SQL
android高级工程师,20000-40000,北京,3-5年,本科,Android  移动端  Kotlin  全栈开发
机器人视觉算法嵌入工程师,18000-35000,北京,不限,本科,机器人 人脸识别 图像匹配 目标跟踪
高级web前端研发工程师,15000-30000,北京,5-10年,本科,Vue JavaScript
算法工程师-大数据工程师,40000-70000,北京,经验不限,硕士及以上,数据分析  Keras
移动web前端开发工程师,15000-20000,北京,3-5年,本科,Vue Web前端
g-实时数仓开发工程师,25000-35000,北京,3-5年,本科,SpringCloud  SpringBoot  Spring Boot  JVM  HBase  Java  Kafka
Python 全栈开发,17000-35000,北京,3-5年,统招本科,python  docker  linux  nodejs  mysql  redis
ai算法工程师（高级）,25000-40000,北京,3-5年,本科,目标检测 图像算法 C++ 神经网络 目标跟踪 机器视觉 深度学习
云计算安全类研发工程师,15000-25000,北京,1-3年,本科,云计算安全 安全网元 安全增强 云计算开发 云计算实施
python后端工程师,15000-21000,北京,1-3年,本科,Python Django Linux Docker
物流研发-数据挖掘专家,17000-30000,北京,3-5年,本科及以上,数据挖掘  大数据领域  Java  Python
流体力学算法开发工程师,35000-45000,北京,5-10年,硕士,流体力学 有限元
React前端开发工程,15000-23000,北京,1-3年,本科,Reactjs
高级软件测试开发工程师,30000-50000,北京,经验不限,统招本科,测试开发
大数据安全管理工程师,20000-40000,北京,经验不限,统招本科,数据安全  Spark  Flume  Hive  Flink  数据监控  数据架构  HBase  MySQL  Streaming
高级大数据运维工程师,50000-60000,北京,3-5年,统招本科,数据运维  数据架构  数据开发  Python  Shell  SQL
系统实施及运维工程师,15000-20000,北京,3-5年,本科,数据库 网络 安全 系统运维 运维开发 数据库运维 大数据运维
web前端高级工程师,15000-25000,北京,3-5年,本科,Web前端 Javascript DOM AJAX
高级数据库开发工程师,30000-50000,北京,5-10年,本科,MySQL  Oracle  SQL Server
大数据开发高级工程师,15000-30000,北京,5-10年,本科,大数据可视化
高级渗透测试工程师,25000-45000,北京,10年以上,本科,外网渗透 安全渗透测试 Nessus Nmap Appscan AWVS BurpSuite Web渗透测试
政务大数据产品经理,20000-30000,北京,3-5年,本科,数据产品 中台产品 后台产品 数字政府 政务大数据 产品原型设计 数据开发利用 数据治理
融合感知算法工程师,20000-40000,北京,3-5年,本科,车载常用传感器 毫米波雷达 激光雷达 C++ ROS 融合算法 融合感知 多传感器融合
自动驾驶算法工程师,25000-50000,北京,3-5年,硕士,运动控制 定位算法 激光雷达 融合算法 SLAM 自动驾驶 目标识别 控制算法
BI高级数据分析师,18000-35000,北京,1-3年,本科,BI 数据分析 数据挖掘 数据处理 Python
前端开发团队负责人,30000-50000,北京,5-10年,本科及以上,React  Angular  Vue
运动控制算法工程师,30000-35000,北京,3-5年,本科,运动控制 控制算法 机器人 C++
生物机器学习工程师,50000-80000,北京,3-5年,统招本科,自然语言处理  C++
算法移植优化工程师,15000-25000,北京,1-3年,本科,C++ 算法基础
电机控制算法工程师,16000-23000,北京,不限,本科,电机控制
网格剖分算法工程师,35000-45000,北京,5-10年,硕士,网格剖分
软件测试项目经理,20000-30000,北京,5-10年,硕士及以上,软件测试  IT/信息化领域  LoadRunner  Postman  Jmeter  R语言  C++  D语言  C/C++  C语言
云计算开发工程师,18000-35000,北京,3-5年,本科,Java  Python  MySQL  Redis  Linux  云计算  大数据
行业大数据分析师,20000-40000,北京,5-10年,统招本科,数据挖掘  数据建模  数据分析  数据收集  关联分析  Python  SPSS
算法工程师实习生,140000-160000,北京,无经验,硕士,机器学习 pytorch 深度学习 OpenCV 目标跟踪 三维重建
大数据中心负责人,30000-60000,北京,5-10年,硕士及以上,hadoop  系统架构  大数据  云计算  轨道交通
RTK算法工程师,20000-40000,北京,3-5年,硕士,GNSS RTK MATLAB C++ C
VRS算法工程师,25000-40000,北京,3-5年,硕士,GNSS RTK
全栈开发工程师,15000-20000,北京,5-10年,本科,js  java  css  mysql  python  数据库  linux  html  git  ajax
数据仓库架构师,15000-30000,北京,5-10年,统招本科,spark  hadoop  hbase  数据仓库  sql  etl
前端研发工程师,15000-25000,北京,1-3年,本科,Vue Javascript CSS HTML
大数据高级总监,200000-300000,北京,10年以上,统招本科,技术战略  大数据领域  技术支持  数据建模
高级模型算法师,25000-35000,北京,3-5年,本科,Python
运维开发工程师,15000-30000,北京,5-10年,本科,运维开发
渗透测试讲师,20000-40000,北京,3-5年,本科,Web渗透测试 安全渗透测试 外网渗透 内网渗透 BurpSuite AWVS Appscan Nmap
数据算法经理,40000-55000,北京,10年以上,统招本科,python  数据挖掘  java  hive  scala
web前端,30000-60000,北京,5-10年,统招本科,Angular  Node.js  网络开发  前端开发  Webpack
运维工程师,20000-40000,北京,不限,本科,数据库 Oracle MySQL 系统运维 运维开发
前端开发,35000-65000,北京,3-5年,本科及以上,前端开发  模块开发  架构设计  框架设计  框架开发  后端开发  功能开发  CSS  HTML  XML
运维主管,15000-20000,北京,5-10年,本科,网络 信息安全 数据库 Java 容器技术 虚拟机技术 分布式技术
数据科学家Data Scientist（机器学习 数据挖掘 人工智能）,30000-60000,北京,经验不限,本科及以上,
数据开发-爬虫方向-python/java,15000-24000,北京,3-5年,统招本科,Python  网络爬虫技术
"银行-信息科技部
大数据开发工程师岗",28000-35000,北京,3-5年,硕士及以上,数据  Hadoop  大数据开发  Java
数据挖掘副总监-RNA Editing,35000-55000,北京,经验不限,博士,数据挖掘
"银行-信息科技部
数据挖掘工程师岗",25000-40000,北京,3-5年,硕士及以上,数据挖掘  机器学习
高级数据挖掘科学家/数据挖掘经理,30000-45000,北京,经验不限,博士,数据分析  数据挖掘  数据收集  数据可视化  数据建模  Python  Shell  R语言
大数据开发工程师（实时计算引擎）,40000-70000,北京,5-10年,统招本科,实时计算  实时计算引擎
数据应用平台技术总监-yang企,40000-70000,北京,5-10年,统招本科,征信业务  架构设计
运维技术支持（数据库管理方向）,25000-30000,北京,3-5年,统招本科,Unix  Linux  Oracle  MySQL
计算机视觉和机器学习工程师,20000-40000,北京,1-3年,硕士及以上,深度学习  图像重建  人脸识别  算法开发  R语言  Lua  M语言  深度学习框架  Matlab  D语言
大数据开发（智慧物联方向）,25000-35000,北京,经验不限,统招本科,数据开发  数据采集  数据收集  数据治理
运维工程师-数据库管理方向,20000-35000,北京,3-5年,统招本科,运维工程师
Java架构师（云服务）,25000-50000,北京,经验不限,本科,分布式技术  微服务架构  容器技术  Spring  架构师
大数据架构/开发lead,30000-50000,北京,5-10年,统招本科,架构设计  运维管理  Spark
大数据架构/开发Lead,30000-50000,北京,5-10年,本科及以上,架构设计  运维管理  Spark
自动驾驶大数据开发工程师,30000-50000,北京,3-5年,统招本科,数据可视化
算法工程师（内容推荐）,50000-70000,北京,10年以上,统招本科,深度学习  数据处理  推荐算法  PyTorch  TensorFlow
大数据首席技术官-央企,80000-110000,北京,10年以上,博士,云计算领域  技术支持  技术战略  技术管理  团队管理
车联网-调度算法工程师,30000-60000,北京,5-10年,统招本科,
大数据挖掘算法工程师,40000-70000,北京,3-5年,硕士及以上,python  spark  java  hive  hbase  数据挖掘  机器学习  深度学习  数据分析
大数据算法副总工程师,70000-100000,北京,3-5年,本科及以上,数据挖掘  数据开发  架构设计
大数据运维（经理级）,25000-35000,北京,3-5年,统招本科,大数据领域  Kafka
大数据与系统集成总监,30000-50000,北京,经验不限,本科及以上,项目管理
大数据PaaS开发,25000-40000,北京,经验不限,统招本科,Spark  MapReduce  大数据领域  Hive  数据采集  云计算领域  IT/信息化领域  Redis  Java  HDFS
大数据解决方案经理,18000-28000,北京,3-5年,本科,大数据  解决方案  售前
大数据算法技术总监,50000-70000,北京,10年以上,硕士及以上,人工智能
数据开发-爬虫方向,20000-30000,北京,1-3年,统招本科,
GPU算法工程师,30000-60000,北京,1-3年,本科,OpenCL 数字信号 信号处理 CUDA
大数据开发架构师,35000-65000,北京,10年以上,统招本科,Flink  Hadoop
大前端技术架构,60000-90000,北京,5-10年,本科及以上,前端开发  架构设计  后端开发  技术支持  Angular
高级大数据架构,50000-80000,北京,5-10年,统招本科,架构设计  运维管理  Spark  数据开发
数据挖掘副总监,30000-45000,北京,1-3年,博士,基因工程
大数据运维经理,20000-40000,北京,经验不限,统招本科,
前端总监,40000-60000,北京,10年以上,统招本科,前端开发  架构设计  IT/信息化领域  模块开发  框架设计  框架开发  C/C++  C语言
高级大数据开发工程师（BX1lc） (MJ000527),15000-25000,北京,3-5年,本科,Flink
Dev Lead（数据挖掘/机器学习方向）,25000-50000,北京,10年以上,本科及以上,R语言  C++  Python  SQL  数据挖掘  数据模型  机器学习模型  GBDT
（北京）软件开发/算法/大数据开发工程师,23000-30000,北京,在校/应届,硕士,Linux
Python Web研发工程师,20000-30000,北京,1-3年,本科及以上,全栈开发  内容开发  架构设计  框架开发  Python  医疗领域  IT/信息化领域  人工智能领域  Web开发  模块开发
大平台数据库架构师7个城市可以选择,60000-80000,北京,3-5年,本科及以上,技术支持  数据库设计  数据开发  大数据领域  架构设计  PostgreSQL  MySQL  分布式数据库
Hadoop/spark开发工程师,15000-30000,北京,3-5年,统招本科,spark  hadoop  hbase  scala  java  python  数据挖掘  机器学习
数据库及web开发工程师-星辰,17000-25000,北京,1-3年,本科,Java MySQL 后端 IT运维 数据库搭建 全栈 MCDBA
数据库开发工程师（央企正式岗）,20000-35000,北京,3-5年,统招本科,Oracle  SQL  数据开发  数据架构  数据分析
数据分析岗-数据挖掘算法方向,35000-65000,北京,5-10年,硕士及以上,数据挖掘  Python  Scala  Java
规划设计工程师（云计算方向）,20000-25000,北京,1年以下,硕士,云计算 IAAS Paas 阿里云 云计算开发
高级Python软件工程师,30000-60000,北京,3-5年,本科,微服务架构  python  linux
大数据总监（500W+）,100000-200000,北京,10年以上,本科及以上,大数据领域  Spark  数据开发  数据治理  Airflow  Java  Python  Scala  Hadoop  Zookeeper
NoSQL数据库运维专家,40000-70000,北京,3-5年,统招本科,数据安全  DBA  云计算领域  安全运维  非关系型数据库  容器  网络层协议  TCP/IP协议
机器人路径规划算法工程师,25000-50000,北京,1-3年,本科,路径规划算法  避障算法  机器人算法  运动控制算法
大数据销售总监北上广深,25000-45000,北京,经验不限,本科及以上,客户管理  消费品  批发/零售  IT/互联网/软件  市场洞察  IT互联网
存储架构师(JLX2),40000-60000,北京,5-10年,本科,分布式技术  数据结构  多线程  分布式存储  Linux  C++  架构师
机器学习平台开发工程师,40000-70000,北京,5-10年,统招本科,tensorflow  c++  深度学习  机器学习
大数据开发leader,40000-70000,北京,5-10年,本科及以上,Spark  数据平台  大数据平台开发
高级大数据研发工程师,25000-40000,北京,3-5年,统招本科,Flink  Hive  Spark  数据治理  数据建模  HBase  Java  Python  SQL  Kafka
移动前端leader,60000-80000,北京,10年以上,统招本科,Webpack  React Native  Vue  Rollup
云计算解决方案架构师,100000-160000,北京,5-10年,本科,云计算  大数据  AI  PAAS  架构师  行业解决方案
大数据情报分析工程师,20000-25000,北京,1年以下,硕士,数据分析 大数据分析
平台前端开发工程师,30000-40000,北京,5-10年,统招本科,前端开发  框架开发  框架设计  大数据领域  界面开发  React  Vue  ES5  Javascript  ECMAScript 6
高级系统运维工程师,15000-25000,北京,5-10年,本科,Python  Shell  搜索引擎技术  服务器配置  容器技术  Windows  Linux  业务系统
高级前端开发工程师,20000-40000,北京,3-5年,本科及以上,前端开发  架构设计  Web开发  框架开发  框架设计  架构开发  jQuery  移动开发  界面开发
生物数据挖掘科学家,35000-50000,北京,经验不限,博士,生物企业  细胞生物学技术  ELISA  免疫学技术  新药  生物制药
高级全栈开发工程师,40000-70000,北京,5-10年,统招本科,Flutter  React  Redis  Android
大数据运维技术专家,75000-100000,北京,5-10年,统招本科,系统运维  脚本语言  大数据运维  hdfs  spark
高级软件测试工程师,25000-35000,北京,3-5年,统招本科,软件测试  工业互联网  动态测试  黑盒测试  白盒测试
网络AI分析架构师,60000-80000,北京,经验不限,统招本科,技术战略  架构设计  Flink  容器
数据挖掘高级讲师,25000-40000,北京,3-5年,本科,Python  Java  Scala  深度学习算法  机器学习算法  Spark  决策树
云服务开发工程师,20000-30000,北京,在校/应届,硕士,JAVA  C/C++  通信  后端开发  音视频开发
Web前端工程师,17000-20000,北京,不限,本科,Web前端 HTML CSS Vue
大数据研发工程师,20000-22000,北京,1年以下,硕士,数据开发
加氢站运维工程师,18000-35000,北京,3-5年,本科,Creo
大数据开发专家,140000-170000,北京,5-10年,统招本科,数据开发  Spark  数据治理  数据建模  数据架构  数据收集  数据安全  Scala  C/C++  C语言
大数据专业讲师,15000-30000,北京,经验不限,本科,SQL  Python  Spark  HIVE  Hadoop
大数据研发专家,30000-40000,北京,5-10年,统招本科,数据采集  数据收集  SQL
数据挖掘科学家,30000-50000,北京,3-5年,博士,宏基因组  二代和三代测序数据
安全运维工程师,18000-20000,北京,1年以下,硕士,Python Java
云计算工程师,25000-40000,北京,在校/应届,硕士,爬虫  Java  C/C++  服务端开发经验  全栈开发经验  后端  计算机相关专业  运维开发  Python
前端全栈开发,30000-60000,北京,3-5年,本科及以上,前端开发  客户端开发  Android  iOS  Javascript  Vue
大数据开发,40000-60000,北京,5-10年,统招本科,数据安全
大数据平台开发工程师/架构师（多家智驾、L4自动驾驶公司）,30000-60000,北京,经验不限,统招本科,数据运维  Perl  关系型数据库  Shell  Oracle  MySQL  Hadoop
机器学习开发工程师（计算加速）,30000-60000,北京,5-10年,硕士及以上,深度学习  深度学习框架
机器学习开发工程师(训练框架),25000-50000,北京,经验不限,统招本科,机器学习  深度学习
智能驾驶_软件测试高级经理,30000-50000,北京,5-10年,统招本科,软件测试  PC端测试  灰盒测试  自动化测试  白盒测试  Qnx  RTOS
信息技术部大数据运维工程师,15000-20000,北京,1-3年,硕士,shell  python  oracle  hbase
python爬虫开发工程师,40000-70000,北京,5-10年,统招本科,python  网络爬虫技术
金融科技部JAVA开发岗,15000-20000,北京,3-5年,本科及以上,架构设计  架构开发  框架开发  框架设计  Redis  Zookeeper  Kafka  SQL  Windows  Linux
oracle运维工程师,20000-27000,北京,经验不限,统招本科,Oracle
金融科技部前端开发岗,15000-20000,北京,1-3年,本科及以上,前端开发  Babel  架构设计  功能开发  Node.js  架构开发  模块开发  框架设计  框架开发  移动开发
中级大数据开发工程师,15000-25000,北京,3-5年,本科,Java  Python  Shell  SQL  Scala  Spark  Kafka  Hadoop
云计算高级研发工程师,30000-50000,北京,经验不限,本科,Python  Java  多线程  分布式技术  虚拟机技术  微服务架构  Linux  云计算
机器学习基础架构专家,100000-150000,北京,5-10年,硕士及以上,深度学习  优化算法  算法优化  深度学习框架  TensorFlow
WEB前端开发工程师,50000-70000,北京,3-5年,统招本科,前端开发  react  vue  webpack  angular
工业大数据平台架构师,25000-35000,北京,5-10年,本科,hbase  架构设计  redis  数据建模
工业大数据算法工程师,25000-50000,北京,经验不限,统招本科,数据挖掘  数据分析  大数据领域  数据建模
云平台运维开发工程师,15000-25000,北京,3-5年,本科,Python  Shell
机器学习算法模型专家,60000-90000,北京,经验不限,统招本科,数据挖掘和机器学习算法
数据库运维高级经理,25000-35000,北京,5-10年,本科及以上,DBA  数据库架构  大数据领域  Oracle  MySQL  Redis  SQL
资深机器学习工程师,85000-110000,北京,经验不限,统招本科,图像识别  自然语言处理  图像处理  Python
数据挖掘算法工程师,25000-45000,北京,3-5年,硕士及以上,Java
图形算法工程师,20000-40000,北京,1-3年,硕士,深度学习 机器学习 图像处理 Python 控制算法
大数据分析经理,30000-50000,北京,5-10年,统招本科,数据架构  数据分析  Flink  Hive
大数据研发总监,60000-80000,北京,5-10年,统招本科,数据开发  数据挖掘  团队管理
大数据运维,30000-55000,北京,5-10年,统招本科,Hadoop  Kafka  Shell  自动化运维  故障处理
NEV Charging Automatic Test Engineer 充电系统自动测试工程师,18000-25000,北京,3-5年,本科,试验测试  设计开发  电源系统  新能源汽车
中高级后台工程师（Erlang/Go/C++）,25000-50000,北京,3-5年,本科,C/C++ Golang erlang
资深大数据解决方案架构师- 汽车行业方向（急）,40000-70000,北京,5-10年,本科及以上,
初级后台工程师（Erlang/Go/C++）,15000-22000,北京,不限,本科,C/C++ erlang Golang
深度学习框架高级工程师 (大规模训练方向),25000-50000,北京,经验不限,本科,深度学习算法
高级DBA/数据库运维-北京-00027,15000-20000,北京,3-5年,本科,故障处理  数据备份  自动化运维  DBA  Python  KVM  Docker  Shell  容器  MySQL
算法大数据高级/资深专家（薪资面议）,24000-25000,北京,5-10年,本科,Python  Java  Spark  Hadoop  Storm  HDFS  Hbase  Streaming
高级机器学习工程师—编译器、优化方向,40000-70000,北京,5-10年,硕士及以上,深度学习  XLA  MLIR  GPU  C++  Python  LLVM
java爬虫工程师(J10613),30000-60000,北京,5-10年,本科,架构设计  架构开发  网络开发  通信领域  模块开发  Java
电力运维工程师(MJ000907),15000-20000,北京,1-3年,本科,机房运维
数据科学家/数据分析师（金融科技）,30000-40000,北京,3-5年,硕士及以上,数据分析
资深大数据开发/大数据平台架构师,35000-40000,北京,5-10年,统招本科,云计算  大数据研发  数据架构  云计算领域  金融领域  IT/信息化领域  工业互联网  大数据领域
算法工程师-机器学习leader,45000-75000,北京,3-5年,统招本科,spark  hadoop  java  python  数据挖掘
大数据组.算法岗(J10536),15000-30000,北京,1-3年,硕士,推荐算法  数据分析  Java
大数据产品解决方案leader,40000-70000,北京,5-10年,统招本科,
大数据开发（Flink方向）,30000-60000,北京,3-5年,本科,Java  Shell  Spark  Hadoop  MapReduce  HDFS  Flink
后端 算法 前端 研发实习生,40000-45000,北京,4天/周  1个月,本科,SQL  网络编程  算法基础  go  python
大数据开发工程师（算法方向）,20000-35000,北京,1-3年,统招本科,Spark  数据开发  Python
高级Java服务端开发工程师,25000-50000,北京,3-5年,本科,java
Hadoop大数据高级工程师,15000-25000,北京,3-5年,统招本科,
高级销售经理/总监-大数据,25000-50000,北京,5-10年,统招本科,消费品  日化  大数据  云计算  to B  IT/互联网/软件  解决方案销售  数据中台  软件销售  零售
大数据开发（Java方向）,25000-50000,北京,3-5年,本科,Java  Shell  Spark  Hadoop  MapReduce  HDFS  Flink
资深大数据开发leader,45000-65000,北京,5-10年,统招本科,Python  Kubernetes
大数据总监（智慧城市方向）,40000-60000,北京,10年以上,本科,分布式技术  数据结构
Java开发工程师（S）,20000-40000,北京,1-3年,本科,微服务架构  容器技术  分布式技术  NoSQL  MySQL  Redis  MongoDB
大数据Java研发工程师,40000-55000,北京,5-10年,本科,Java  Shell  Spark  Kafka  Zookeeper  Flink
大数据开发工程师（北京）,15000-25000,北京,3-5年,本科,SQL  Shell  Spark  Hadoop
高级大数据运维开发工程师,15000-30000,北京,5-10年,本科,Python  Java  分布式技术  大数据
大数据开发工程师（H）,30000-60000,北京,5-10年,本科,Java  Shell  Spark  HIVE  Hadoop  Hbase  Flink  HDFS
算法工程师（搜索方向）,25000-50000,北京,1-3年,本科,算法设计  自然语言处理  推荐算法  Spark  搜索算法
运维开发工程师（TL）,45000-75000,北京,5-10年,本科,Python  分布式技术  运维开发  自动化运维  K8S
智能中台前端开发工程师,25000-30000,北京,5-10年,统招本科,前端开发  react  vue  angular  小程序
数据架构师(LBCV),30000-60000,北京,5-10年,本科,数据架构 Hadoop Spark 数据治理 数据中台
大数据开发工程师（F）,25000-50000,北京,3-5年,本科,Python  Scala  Spark  Flink
数据库运维工程师-北京,16000-23000,北京,3-5年,本科,数据库架构  DBA  Oracle  MySQL
运维大数据平台产品经理,25000-40000,北京,1-3年,本科,产品设计  需求分析  数据产品  中台产品
大数据架构开发Lead,35000-50000,北京,5-10年,统招本科,架构设计  运维管理  Spark
大数据高级研发工程师,25000-40000,北京,3-5年,本科,SQL  Spark  Hadoop  Kafka  HDFS  Yarn  Presto  Kylin
数据挖掘/算法工程师,25000-50000,北京,3-5年,本科,自然语言处理  深度学习算法  算法设计  Python  Java  C++
嵌入式平台系统架构师,30000-50000,北京,5-10年,本科,嵌入式系统架构
大数据解决方案架构师,40000-70000,北京,5-10年,本科及以上,
DBA/数据库运维,15000-18000,北京,5-10年,统招本科,DBA  数据备份  故障处理  自动化运维  非关系型数据库  Shell  Python  LabVIEW  PHP  Golang
机器学习平台架构师,25000-50000,北京,1-3年,本科,C++  Go  深度学习算法  TensorFlow  PyTorch
JAVA开发工程师,15000-30000,北京,3-5年,本科,分布式技术  微服务架构  大数据  SpringCloud
高级后端开发工程师,20000-30000,北京,3-5年,本科,Go  数据结构  后端开发  软件工程师  大数据
高级运维开发工程师,30000-60000,北京,5-10年,本科,Python  Shell  Ansible
Java后端工程师,20000-40000,北京,1-3年,本科,java  C++  全栈开发  后端开发
NLP算法工程师,20000-40000,北京,1-3年,本科,Java  算法设计  自然语言处理  深度学习算法  推荐算法  搜索算法
机器学习算法专家,30000-50000,北京,3-5年,硕士,深度学习算法  推荐算法  人工智能  地图导航  TensorFlow
大数据开发（L）,25000-50000,北京,3-5年,本科,Spark  Kafka  Hadoop  Flink
数据分析师（九）,20000-30000,北京,1-3年,本科,Python  SQL  Tableau
大数据运维开发,50000-60000,北京,5-10年,统招本科,shell  python  redis  hadoop  自动化运维
大数据技术经理,30000-50000,北京,5-10年,本科,Spark  Kafka  Hadoop  Flink
反欺诈数据挖掘,20000-40000,北京,1-3年,本科,Java  Shell  自然语言处理  深度学习算法
搜索系统架构师,30000-60000,北京,5-10年,本科,数据结构  搜索引擎技术
搜索架构师,30000-60000,北京,5-10年,本科,数据结构  搜索引擎技术
推荐算法,55000-70000,北京,5-10年,统招本科,推荐算法
DBA数据库工程师（MySQL）(J10411),20000-40000,北京,经验不限,统招本科,DBA  数据库架构  MySQL  SQL  Redis  关系型数据库
移动全栈开发工程师（Android、iOS）,30000-40000,北京,5-10年,统招本科,Flutter  混合开发
大数据研发部高级总监 (MJ002775),130000-170000,北京,10年以上,统招本科,Flink  Spark  架构设计  消息队列
BI软件工程师+SQLSEVER2016,20000-25000,北京,3-5年,统招本科,SQLServer  SQL Server  SQL  SSRS  SSAS  SSIS
数据分析师（投放方向）(J10360),15000-25000,北京,3-5年,本科,SQL  Python
大数据开发工程师90M0102071,20000-40000,北京,5-10年,本科及以上,数据架构  数据开发  Spark  Java  Python  Hive  Hadoop  Kafka  数据清洗  数据分析
hadoop方向大数据高级开发工程师,35000-60000,北京,3-5年,本科及以上,数据架构  Hadoop
服务端开发（Go/Python）,20000-30000,北京,3-5年,本科,Go  NoSQL  python
业务专家（银行/金融大数据分析）,20000-40000,北京,5-10年,本科,数据分析  大数据领域
前端开发工程师 （资深经理级）,20000-28000,北京,10年以上,本科及以上,前端开发  jQuery  Vue  系统开发  框架开发  框架设计  HTML5  Javascript  CSS  HTML
信息安全大数据隐私计算技术总监,80000-110000,北京,5-10年,硕士及以上,数据安全  隐私保护  同态加密  数据处理语言
测试工程师/专家-R8509C,20000-30000,北京,3-5年,本科,测试
数据仓库架构师（大数据平台）,25000-30000,北京,经验不限,本科,数据建模  数据开发  数据架构  数仓开发  非关系型数据库  Hadoop
生物信息算法经理/高级经理,22000-35000,北京,3-5年,硕士,深度学习算法  算法设计  机器学习算法  Python  Shell  数据挖掘  大数据  生物信息
机器学习平台前端开发实习,20000-25000,北京,4天/周  3个月,本科,前端开发
Hadoop开发工程师,20000-30000,北京,3-5年,本科,SQL  Python  Java  Spark  Kafka  HDFS  Flink  Hadoop
架构师（企业服务平台）,35000-50000,北京,5-10年,本科,网络爬虫建设  数据仓库建设  网络爬虫技术  SpringCloud  分布式
技术架构师（前端框架）,27000-50000,北京,5-10年,统招本科,前端开发  技术支持  Javascript
自动驾驶机器学习工程师,30000-60000,北京,1-3年,统招本科,python  深度学习  机器学习
机器学习框架研发工程师,30000-60000,北京,经验不限,本科及以上,深度学习  深度学习框架
运维开发工程师（校招）,18000-30000,北京,不限,本科,Java 运维开发
"数据挖掘
算法工程师",25000-50000,北京,3-5年,本科及以上,C++
WPF软件开发工程师,15000-20000,北京,3-5年,本科,人工智能领域 机器学习 ython/C++ TensorFlow/Pytor C++ Python Hadoop Spark
研究员（大数据分析）,20000-40000,北京,经验不限,硕士及以上,数据挖掘
资深全栈开发工程师,60000-90000,北京,10年以上,本科及以上,Vue  Flutter  Node.js  React  Angular  Elasticsearch  MySQL  Kafka  后端开发  全栈开发
安全大数据分析专家,25000-50000,北京,3-5年,本科,Python  网络安全  网络攻防  Hadoop  Storm  Flink  Hive  Kylin
数据产品经理/总监,40000-70000,北京,5-10年,统招本科,数据产品  安全产品  画像产品  工具产品  信息安全  产品设计  产品规划  团队管理
机器学习开发工程师,40000-70000,北京,5-10年,统招本科,C++  Python  框架开发  框架设计  后端开发  系统开发
机器学习研究工程师,40000-70000,北京,3-5年,硕士及以上,.NET  SystemVerilog
Java爬虫工程师,20000-30000,北京,3-5年,本科,java  网络爬虫
多云管理平台架构师,15000-20000,北京,3-5年,本科,多云管理平台架构师
高级机器学习工程师,30000-50000,北京,经验不限,统招本科,医疗领域
全栈软件开发工程师,45000-75000,北京,3-5年,统招本科,
机器学习工程师1,25000-50000,北京,1-3年,统招本科,医疗领域
数仓开发工程师,15000-20000,北京,3-5年,本科,数据仓库  etl  hive  hadoop  sql  mysql  oracle  linux  db2
大数据专家,35000-40000,北京,3-5年,统招本科,Java  Python  C语言  Flink  HBase  Kafka  Hadoop  Zookeeper  SQL Server  Redis
数据挖掘,20000-30000,北京,经验不限,本科及以上,数据挖掘  数据分析  数据监控  数据收集
gnss算法工程师（导航算法，地图算法，定位算法，遥感算法）,25000-35000,北京,1-3年,本科,定位算法 C++ RTK
高级售前工程师（云计算、大数据）(MJ006370),15000-25000,北京,5-10年,本科,HCIP HCIE HCIA
数据工程师（大数据、物联网、人工智能领域）（J5）,15000-30000,北京,1-3年,本科,数据库 数据挖掘 数据处理 数据建模 大数据开发
数据库开发工程师 数据治理（上市公司 正式编制）,20000-40000,北京,3-5年,统招本科,hadoop  spark  数据仓库  数据库  hive  sql  mysql  hbase  shell  etl
生物数据挖掘科学家/工程师 (MJ000116),15000-30000,北京,经验不限,硕士,药物  生物工程  药品研发  算法开发  抗肿瘤药  算法研究  基因工程  Python
实习大数据开发、分析工程师（2022校园招聘）,15000-20000,北京,无经验,本科,数据仓库 数据挖掘 数据建模 数据分析 大数据开发 数据清洗
高级数据仓库开发工程师 (MJ000130),20000-35000,北京,3-5年,统招本科,Hive  Flume  Flink  数据采集  数据收集  数据分析  非关系型数据库  SQL  Shell  Impala
java高级开发工程师（医疗物流金融方向）,25000-40000,北京,5-10年,本科,Spring  MySQL  WEB开发  架构师  大数据
大数据高级算法工程师-汽车电子产品（北京）,25000-40000,北京,3-5年,硕士,c++  python  机器学习
高级数据分析师（北京）(MJ000047),15000-30000,北京,1-3年,硕士,机器学习 强化学习 数据分析
大数据平台中级研发工程师(测控系统事业部）,20000-30000,北京,1-3年,本科,Java
产品经理（SaaS大数据营销、应用产品）,20000-35000,北京,3-5年,本科,人工智能 数据产品 中台产品 B端产品 AI算法产品 用户产品 知识付费 智慧城市
（鲲鹏高层次）大数据架构师（大数据开发）,25000-50000,北京,5-10年,硕士,大数据开发
Python算法工程师（知识图谱方向）,20000-35000,北京,3-5年,硕士,Python 知识图谱 NLP 分词
python算法工程师（知识图谱方向）,20000-35000,北京,3-5年,硕士,Python 知识图谱 NLP 分词
机器学习算法高级工程师/专家-（搜索）,30000-60000,北京,3-5年,硕士,深度学习算法
调试工具全栈开发工程师(J10554),15000-35000,北京,经验不限,本科,嵌入式
声学前端算法专家 - 有道事业群707,30000-50000,北京,3-5年,硕士,
大数据平台架构师【保定总部工作优先】,30000-45000,北京,5-10年,本科,Java  Spark  Kafka  Hadoop  Impala  Presto  Flink  Druid
高级python研发工程师-后端方向,20000-35000,北京,5-10年,本科,python  django  flask  docker  web后端
AWS技术支持工程师 （大数据方向）,15000-30000,北京,经验不限,统招本科,linux  java  php
前端（高级）研发工程师 — 西瓜视频,30000-50000,北京,5-10年,本科,前端  react  node
机器学习算法高级工程师/专家（推荐）,30000-60000,北京,3-5年,硕士,深度学习算法  机器学习算法
机器学习算法高级工程师/专家（广告）,30000-60000,北京,3-5年,硕士,深度学习算法  广告算法
flink开发工程师(J10349),18000-35000,北京,3-5年,本科,
推荐-机器学习算法高级工程师/专家,30000-60000,北京,1-3年,本科,深度学习算法  广告算法  C++  搜索引擎技术  数据挖掘  大数据
大数据架构师 (MJ000008),30000-50000,北京,经验不限,本科,java  Dubbo  高并发  分布式系统  数据库设计及优化
大数据分析师 (MJ000250),30000-40000,北京,5-10年,统招本科,python
全栈开发工程师（技术服务事业部）,20000-30000,北京,3-5年,统招本科,服务器开发  前端开发  后端开发  全栈开发  系统开发  网络开发  框架开发  框架设计  需求分析  MySQL
Java开发工程师（大数据方向）,20000-40000,北京,3-5年,本科,SQL  微服务架构  分布式技术  Spring  NoSQL  MySQL  Redis  Hadoop
大数据算法平台运维（k8s方向）,20000-40000,北京,经验不限,本科,集群运维  Python  Shell  容器技术  分布式技术  Docker  K8S
软件测试资深架构师、测试高端专家,50000-70000,北京,10年以上,统招本科,探索性测试  软件测试  易用性测试  灰盒测试  功能测试  性能测试  自动化测试
搜索机器学习算法高级工程师/专家,30000-60000,北京,1-3年,本科,深度学习算法  搜索算法  广告算法  C++  搜索引擎技术  数据挖掘  大数据
大数据开发工程师（数据中台优先）,18000-35000,北京,3-5年,本科,Java  Spark  Hadoop  Hbase  Kafka  Flink
Oracle EBS 开发工程师,20000-25000,北京,3-5年,本科,IT/信息化领域  XML  SQL  Oracle  R语言  D语言
数据分析师 (MJ001408),20000-30000,北京,3-5年,本科,Excel  SPSS  SQL  Python  R
半导体检测设备资深软件开发工程师,15000-30000,北京,5-10年,本科,C# Winform 机器视觉 BS 系统架构
DSP算法工程师/音频算法工程师,20000-30000,北京,1-3年,硕士,MATLAB C语言 信号处理 音频处理
ADAS算法工程师（实习、校招）,15000-18000,北京,无经验,本科,自动驾驶 SLAM 人脸检测 机器学习
软件开发工程师（测控系统事业部）,15000-25000,北京,1-3年,本科,LabVIEW C++
大数据产品副总监(J12630),50000-70000,北京,5-10年,本科,数据产品  数据分析
电气工程师（大数据中心/IDC）,15000-20000,北京,5-10年,本科,电气工程师
大数据SRE（商业化交付运维）,20000-40000,北京,经验不限,本科,Linux  Shell  分布式技术  SaltStack  大数据运维  SRE  集群运维  Python
深度学习算法工程师（优化部署）,18000-30000,北京,1-3年,硕士,C++  自然语言处理  深度学习算法  视觉图像算法  TensorFlow  PyTorch  Caffe
NLP方向自然语言算法研究员.,20000-30000,北京,1-3年,硕士,深度学习算法  Python  信息抽取  舆情分析  TensorFlow  PyTorch  舆情监控
搜索策略机器学习资深算法工程师,30000-60000,北京,5-10年,本科,深度学习算法  机器学习算法  自然语言处理  搜索算法  Python  C++  Go  分布式技术
算法工程师（NLP&机器学习）,20000-30000,北京,3-5年,本科,NLP 机器学习 Python 深度学习 PYSPARK SQL Hadoop Django
算法工程师 广告算法 推荐算法,22000-30000,北京,1-3年,本科,广告算法  推荐算法  数据挖掘  机器学习  计算广告
高级软件开发工程师（java）,20000-40000,北京,3-5年,本科,Java J2EE Javascript SQL
计算机视觉/混合现实算法研发岗,15000-30000,北京,1-3年,本科,算法 计算机视觉 混合现实算法研发
软件开发工程师–电信COS开发,22000-35000,北京,5-10年,本科,C++ Java 电信COS开发
服务器开发工程师(SQL方向),15000-25000,北京,在校/应届,本科,SQL  数据结构  算法基础
大数据工程师（大数据平台方向）,20000-35000,北京,5-10年,统招本科,数据挖掘  数据仓库
数据挖掘-C++高级研发工程师,35000-65000,北京,3-5年,统招本科,算法开发  泊车系统
软件开发工程师（算法设计方向）,15000-30000,北京,1-3年,本科,AI 加密算法
智能驾舱系统软件测试开发专家,20000-40000,北京,3-5年,本科,自动化测试  软件测试  Python  Java  Shell  C/C++  Android  TestNG
销售总监（地产大数据事业部）,18000-25000,北京,5-10年,本科,市场洞察  房地产  销售管理  团队管理  建材  客户管理  to B  渠道销售  房地产行业
机器学习算法工程师-数据算法,30000-50000,北京,3-5年,硕士,自然语言处理  视觉图像算法  推荐算法  搜索算法  算法设计  数据挖掘
数据库管理工程师-ERP运维,15000-30000,北京,5-10年,本科,数据库  sql  oracle  dba  linux  python
机器学习、图像处理算法工程师,15000-28000,北京,3-5年,硕士,视觉算法  图像处理  深度学习  Python  C++
架构师 (MJ000204),35000-55000,北京,经验不限,硕士,Go  Python  算法基础  云计算架构  K8S
爬虫架构师/爬虫leader,35000-65000,北京,10年以上,本科,网络爬虫
自然语言处理算法实习工程师,25000-40000,北京,4天/周  6个月,硕士,深度学习算法  Python  C++  机器学习算法  搜索算法  知识图谱  文本分类  Hadoop
java游戏服务器高级开发,17000-28000,北京,3-5年,本科,MySQL  Netty  游戏开发  Redis  java  GIT  服务器端开发
python高级爬虫工程师,18000-25000,北京,3-5年,本科,Scrapy  网络开发  XPath  XML  CSS  HTML  Python
医疗器械销售总监（大数据）,20000-30000,北京,5-10年,本科,医疗器械  制药/医疗  销售管理  市场洞察  医疗设备/器械  医疗行业
算法工程师（机器学习方向）,20000-25000,北京,3-5年,本科,Java  R  大数据  网络安全  Python  人工智能
JAVA(高级)开发工程师,15000-20000,北京,3-5年,本科,SQL  Spring  Linux  java  c++
科技发展部—高级数据架构师,15000-17000,北京,5-10年,本科,Hadoop Hive Yarn HDFS Flink
kafka es运维工程师,20000-40000,北京,3-5年,本科,大数据运维  ELK  kafka  es
工业互联网web前端工程师,15000-20000,北京,3-5年,本科,Web前端 Vue HTML5 CSS3
大数据平台架构技术开发总监,40000-50000,北京,10年以上,本科,hadoop  spark  hbase
软件开发工程师—编译器方向,15000-30000,北京,1-3年,本科,C++ 算法 Linux Unix
大数据平台系统架构师 校招,30000-50000,北京,5-10年,本科,架构设计  技术战略  技术支持
项目经理（大数据算法分析）,15000-30000,北京,5-10年,本科,数据库  大数据  算法分析
python高级开发工程师,28000-35000,北京,3-5年,本科,Django Python
软件开发工程师-COS开发,18000-30000,北京,3-5年,本科,Java C++ ARM
Spider策略算法工程师,20000-40000,北京,1-3年,统招本科,大数据算法  深度学习
大数据产品经理（政府项目）,20000-25000,北京,3-5年,本科,大数据产品 产品设计
数据开发工程师（数仓方向）,20000-35000,北京,3-5年,本科,Hive  数据治理
数据架构师（数据资产管理）,20000-25000,北京,3-5年,本科,数据资产管理
算法工程师——无人机研究院,15000-20000,北京,3-5年,硕士,控制算法
大数据总监(J12629),40000-60000,北京,5-10年,统招本科,数据挖掘
音乐AI算法研发高级工程师,30000-60000,北京,经验不限,本科,
unity3d开发工程师:,15000-20000,北京,3-5年,统招本科,
云计算工程师（PAAS）,20000-35000,北京,1-3年,本科,Redis  Docker  Nginx  大数据运维经验  PAAS平台运维  中间件运维  Prometheus  Kafka
系统架构师--微服务方向,20000-35000,北京,10年以上,本科,架构师  Java  分布式技术  容器技术  微服务架构  搜索引擎技术  消息队列  SpringBoot
大数据开发工程师3489,15000-30000,北京,3-5年,统招本科,spark  hadoop  hive  hbase  java  python  mysql  redis
后端开发工程师/技术经理,20000-40000,北京,5-10年,本科,Spring  Dubbo  Redis  hadoop  spark  hive  flink
资深web全栈开发工程师,25000-50000,北京,5-10年,本科,Javascript HTML CSS Express JavaScript 全栈开发
GPU开发工程师（北京）,35000-55000,北京,3-5年,硕士,深度学习算法  Python  C++  TensorFlow  PyTorch
Hadoop大数据工程师,20000-40000,北京,3-5年,统招本科,spark  hadoop  scala  java  python  sql
高级C++软件开发工程师,25000-35000,北京,3-5年,本科,C++ C/C++ QT TCP/IP C# 音视频编解码 流媒体 Qt
界面开发工程师（GUI）,15000-30000,北京,3-5年,本科,C#  C++  Windows  Linux  QT  WPF  前端
半导体集成装备测试工程师,15000-30000,北京,1-3年,本科,集成电路 光刻 安装调试 制程工艺 半导体技术 故障分析处理
自动驾驶嵌入式软件架构师,30000-40000,北京,3-5年,本科,嵌入式 SOC 算法 C语言 Python 嵌入式软件开发
机器人算法工程师（实习）,15000-20000,北京,无经验,本科,机器人算法 运动控制算法 运动规划 路径规划
大数据（flink经验）,18000-25000,北京,5-10年,本科,spark  flink  java
Flink数据开发工程师,20000-30000,北京,1-3年,本科,Flink  clickhouse
投融资销售总监（大数据）,20000-30000,北京,5-10年,本科,销售管理  市场洞察  团队管理
2022 数仓开发工程师,15000-30000,北京,应届,本科,Python  SQL
卫星导航PVT算法工程师,22000-40000,北京,3-5年,本科,卫星导航 导航算法
java开发工程师-北京,15000-30000,北京,3-5年,本科,SQL Java
SCADA数据挖掘工程师,15000-20000,北京,1-3年,本科,SCADA 风电
知识图谱/数据挖掘负责人,30000-60000,北京,3-5年,硕士,机器学习
嵌入式软硬件开发工程师,15000-30000,北京,5-10年,本科,电路设计 PCB C语言 嵌入式软件开发 嵌入式硬件开发 Altium Designer Cadence allegro
高级自然语言算法工程师,45000-70000,北京,5-10年,本科,深度学习算法  自然语言处理  搜索算法  Python  TensorFlow  PyTorch  C++  人工智能
交付运维工程师/架构师,20000-40000,北京,5-10年,本科,应用运维  Linux  数据库运维  PostgreSQL  Java  容器技术  DevOps  CI/CD
架构师（资深JAVA）,20000-25000,北京,5-10年,本科,Java  Spring  Hibernate  算法数据仓库  spark  kafka  kubernetes
web前端程序员实习生,40000-80000,北京,1年以内,本科,前端开发  JavaScript  CSS  HTML  JQuery  Vue  Bootstrap  移动端
资深自然语言算法工程师,80000-110000,北京,5-10年,硕士,深度学习算法  自然语言处理  搜索算法  C++  Python  人工智能  数据挖掘  PyTorch
资深数据仓库开发工程师,25000-35000,北京,5-10年,本科,数据仓库  etl  sql  数据库  mysql  oracle  postgresql
Golang开发工程师,20000-40000,北京,1-3年,本科,Shell  golang  服务端开发  大数据  Gorm  gRPC  后端开发
（13）机器学习工程师,20000-30000,北京,3-5年,本科,python  tensorflow  c++  caffe  深度学习  机器学习
通信算法工程师（兼职）,140000-160000,北京,1-3年,硕士,MATLAB FPGA 通信工程 通信 雷达 无线网络优化 传输网 无线通信
FPGA初级算法工程师,15000-30000,北京,3-5年,本科,通信物理层算法 MATLAB C语言 Verilog VHDL
Java高级开发工程师,26000-40000,北京,5-10年,统招本科,spring  java  linux  git  shell
深度学习算法高级工程师,25000-50000,北京,5-10年,硕士,Python  自然语言处理  深度学习算法  PyTorch
数据架构师/开发工程师,25000-50000,北京,5-10年,本科,SQL  Java  Python  Shell  Scala
NLP算法（医疗方向）,40000-70000,北京,3-5年,博士,算法设计  深度学习算法  机器学习算法  视觉图像算法
数据挖掘算法技术实习生,25000-50000,北京,5天/周  3个月,硕士,机器学习算法  Python  Java  Spark
java中级开发工程师,15000-20000,北京,1-3年,本科,Java MyBatis Docker Spring
web前后端开发工程师,20000-40000,北京,3-5年,本科,后端开发 Java Spring MyBatis
Java后台开发工程师,15000-18000,北京,3-5年,本科,Java  智能硬件  大数据  后台开发
AI医疗图像算法工程师,15000-25000,北京,不限,硕士,Python 视觉图像算法 深度学习算法
Python开发工程师,15000-16000,北京,3-5年,本科,SQL  Linux  Django
数据安全模块开发工程师,20000-40000,北京,3-5年,本科,嵌入式技术  Linux  C语言
算法工程师：NLP方向,30000-50000,北京,1-3年,本科,人工智能  深度学习  算法
技术总监（大数据方向）,40000-50000,北京,10年以上,统招本科,架构设计  软件开发
财政大数据应用分析师,20000-35000,北京,3-5年,本科,数据挖掘  政府财政  预算  大数据应用分析  大数据专题应用规划  大数据应用规划设计  咨询规划  售前咨询  政府财政行业  数据分析
算法工程师（NLP）,25000-50000,北京,3-5年,本科,Java  Python  Go  自然语言处理  深度学习算法  机器学习算法  TensorFlow  PyTorch
中高级前端开发工程师,18000-25000,北京,3-5年,本科,JavaScript  HTML  CSS  CSS3  HTML5  ES6  全栈开发  前端开发
大数据应用优化工程师,20000-40000,北京,5-10年,本科,Hadoop  Spark  SQL  Python  Scala  Hive  数据结构  大数据
PHP高级开发工程师,20000-30000,北京,5-10年,本科,PHP  Linux  数据库  后端开发  MySQL  Redis  分布式技术  微服务架构
云计算测试开发工程师,20000-40000,北京,经验不限,本科,Python  C/C++  云计算  openstack  存储  iaas  自动化测试平台
IT架构师（企业级）,25000-50000,北京,5-10年,本科,架构师  分布式技术  微服务架构  负载均衡技术  数据结构  业务架构  数据架构
Java 高级工程师,15000-25000,北京,3-5年,本科,微服务架构  后端开发  MySQL  Linux  服务器端开发  分布式技术
c++高级系统架构师,40000-80000,北京,5-10年,本科,C/C++ Linux Python Oracle MySQL GIS
GIS数据开发工程师,15000-30000,北京,3-5年,本科,Python  微服务架构  Spring  NoSQL  地图导航
spark开发工程师,15000-20000,北京,3-5年,本科,Spark 数据清洗 Java Hadoop ETL开发
机器人导航算法工程师,20000-40000,北京,不限,硕士,机器人 导航算法 SLAM 激光雷达 深度学习
运筹优化算法工程师：,18000-35000,北京,3-5年,硕士,机器学习 自然语言处理 数据挖掘 Java
算法工程师（数据链）,30000-50000,北京,1-3年,硕士,信号处理 MATLAB C++
大数据应用分析研究员,15000-30000,北京,3-5年,统招本科,python  pandas
大数据分析算法工程师,15000-30000,北京,3-5年,硕士,Python 算法 R
大数据测试开发工程师,19000-35000,北京,经验不限,本科,SQL  自动化测试
中级web前端工程师,15000-20000,北京,3-5年,本科,Web前端 Vue
姿轨控算法实现工程师,20000-40000,北京,3-5年,硕士,算法 Python
数据挖掘与建模工程师,15000-25000,北京,3-5年,统招本科,数据挖掘
大数据平台业务架构师,22000-30000,北京,10年以上,本科,数据建模
react开发工程师,20000-26000,北京,1-3年,本科,小程序
数据库架构师&ETL,15000-20000,北京,5-10年,本科,ETL
视频云解决方案架构师,25000-40000,北京,5-10年,本科,架构师
后端工程师（爬虫）,20000-30000,北京,3-5年,本科,python  django  flask  mysql  数据库  nosql  spark  数据仓库  网络爬虫
数据仓库研发架构师,45000-70000,北京,5-10年,本科,java  mysql  linux  c++  hadoop  分布式技术  后端开发  查询  分布式存储
高级爬虫开发工程师,30000-45000,北京,3-5年,本科,网络爬虫技术  分布式技术  多线程  Scrapy  NoSQL  Redis  MongoDB  数据抓取
Java服务器开发,18000-35000,北京,3-5年,本科,分布式技术  多线程  Spring  Redis  NoSQL  MongoDB  MySQL  后端开发
大数据平台研发总监,65000-90000,北京,5-10年,本科,Spark  Hadoop  HIVE  Kafka  Flink  Zookeeper  跨区域管理能力
数据挖掘实习生招聘,15000-25000,北京,在校/应届,硕士,数据挖掘  数据分析  Java  SQL  Scala  分布式技术  算法设计  Spark
强化学习算法工程师,20000-35000,北京,1-3年,硕士,深度学习算法  算法设计  C++  Python  TensorFlow  PyTorch
残值评估算法工程师,25000-40000,北京,5-10年,硕士,python  tensorflow  java  matlab  c#  大数据算法
c#软件开发工程师,20000-40000,北京,5-10年,本科,C# C++ Studio 机器视觉 Winform NET Core 通信 NET
数据架构师（北京）,25000-35000,北京,5-10年,本科,数据架构师  数据架构  数据建模  数据治理  数据模型  国电投  大数据
高级广告算法工程师,40000-70000,北京,3-5年,本科,推荐算法  ocpx  广告推荐  Hadoop  flink  spark
机器学习平台工程师,25000-50000,北京,经验不限,硕士,机器学习平台  分布式架构  微服务  强化学习平台  并发编程  人工智能
大数据运维工程师i,20000-40000,北京,3-5年,本科,linux  java  hbase  hive  数据仓库  scala
后端研发高级工程师,40000-60000,北京,5-10年,本科,分布式技术  架构师  Spring  MySQL  后端开发  java
工业大数据算法专家,50000-80000,北京,5-10年,统招本科,机器视觉  视觉算法  优化算法  算法优化  算法设计  图像识别
大数据营销产品经理,17000-20000,北京,3-5年,本科,BI 大数据产品 B端产品 信息系统 数据挖掘 风控产品 数据开发
大数据架构师CDO,50000-80000,北京,5-10年,本科,hbase  hive  数据分析  分布式技术  数据架构
自然语言算法工程师,25000-50000,北京,3-5年,硕士,NLP  自然语言分析  文本聚类  文本摘要  文本相似度
知识图谱算法工程师,25000-50000,北京,经验不限,硕士,大数据  深度学习算法  数据挖掘  图计算  复杂网络
算法工程师（视觉）,20000-40000,北京,不限,硕士,图像处理 人脸识别 Caffe TensorFlow
用户体验大数据分析,30000-60000,北京,5-10年,统招本科,数据分析  数据挖掘  用户研究  VOC  NPS
量化交易算法工程师,18000-35000,北京,3-5年,本科,深度学习算法  python  机器学习  量化交易
数据应用开发工程师,30000-60000,北京,5-10年,本科,Python  Spark  hql  Flink
大数据安全产品经理,30000-35000,北京,3-5年,统招本科,数据产品  信息安全  需求分析  平台产品
大数据解决方案专家,15000-25000,北京,5-10年,本科,大数据  军工  售前  解决方案  招投标
slam算法工程师,20000-40000,北京,1-3年,本科,SLAM 深度学习 机器人 激光雷达
Java算法工程师,18000-30000,北京,3-5年,本科,算法  java  多目标调度算法
物联网云平台架构师,30000-50000,北京,3-5年,本科,分布式技术  微服务架构  多线程
高级数据仓库架构师,30000-40000,北京,5-10年,本科,数据仓库  etl  数据架构
机器翻译算法工程师,20000-30000,北京,经验不限,硕士,深度学习算法  自然语言处理